품목명,업체명,허가번호,허가일자,제조수입구분,품목상태,허가신고구분코드,추적관리대상,제조원,취소취하일자
치과용 임플란트 고정체,오스템임플란트(주),제허 26-642 호,20260824,제조,정상,1,비대상,,
치과용 임플란트 고정체,(주)위드웰임플란트,제허 26-632 호,20260818,제조,정상,1,비대상,(주)제로스,
치과용 임플란트 고정체,(주)위드웰임플란트,제허 26-631 호,20260818,제조,정상,1,비대상,(주)제로스,
치과용 임플란트 고정체,(주)아이디스,제허 26-624 호,20260814,제조,정상,1,비대상,,
치과용 임플란트 고정체,(주)아이디스,제허 26-622 호,20260814,제조,정상,1,비대상,,
치과용 임플란트 고정체,에이덴 주식회사,제허 26-522 호,20260706,제조,정상,1,비대상,,
치과용 임플란트 고정체,(주)워랜텍,제허 26-485 호,20260626,제조,정상,1,비대상,,
치과용 임플란트 고정체,(주)넥서스임플란트(Nexus Implant corp.),제허 26-468 호,20260622,제조,정상,1,비대상,,
치과용 임플란트 고정체,(주)넥서스임플란트(Nexus Implant corp.),제허 26-467 호,20260622,제조,정상,1,비대상,,
치과용 임플란트 고정체,(주)메가젠임플란트,제허 26-466 호,20260619,제조,정상,1,비대상,,
치과용 임플란트 고정체,에이덴 주식회사,제허 26-414 호,20260605,제조,정상,1,비대상,,
치과용 임플란트 고정체,(주)서치,제허 26-380 호,20260520,제조,정상,1,비대상,,
치과용 임플란트 고정체,(주)서치,제허 26-379 호,20260520,제조,정상,1,비대상,,
치과용 임플란트 고정체,주식회사 도이프,제허 26-376 호,20260519,제조,정상,1,비대상,,
치과용 임플란트 고정체,(주)스누콘,제허 26-364 호,20260514,제조,정상,1,비대상,,
치과용 임플란트 고정체,주식회사 도이프,제허 26-359 호,20260513,제조,정상,1,비대상,,
치과용 임플란트 고정체,주식회사 저스트,제허 26-354 호,20260512,제조,정상,1,비대상,(주)아이디스,
치과용 임플란트 고정체,주식회사 저스트,제허 26-353 호,20260512,제조,정상,1,비대상,(주)아이디스,
치과용 임플란트 고정체,오스템임플란트(주),제허 26-337 호,20260508,제조,정상,1,비대상,,
치과용 임플란트 고정체,오스템임플란트(주),제허 26-319 호,20260428,제조,정상,1,비대상,,
치과용 임플란트 고정체,오스템임플란트(주),제허 26-318 호,20260428,제조,정상,1,비대상,,
치과용 임플란트 고정체,(주)덴티스,제허 26-317 호,20260428,제조,정상,1,비대상,,
치과용 임플란트 고정체,(주)신흥엠에스티,제허 26-312 호,20260423,제조,정상,1,비대상,,
치과용 임플란트 고정체,(주)신흥엠에스티,제허 26-311 호,20260423,제조,정상,1,비대상,,
치과용 임플란트 고정체,(주)케이제이메디텍,제허 26-276 호,20260413,제조,정상,1,비대상,,
치과용 임플란트 고정체,(주)아이디스,제허 26-263 호,20260406,제조,정상,1,비대상,,
치과용 임플란트 고정체,주식회사덴큐,제허 26-256 호,20260403,제조,정상,1,비대상,,
치과용 임플란트 고정체,(주)넥서스임플란트(Nexus Implant corp.),제허 26-252 호,20260401,제조,정상,1,비대상,,
치과용 임플란트 고정체,(주)덴티스,제허 26-250 호,20260401,제조,정상,1,비대상,,
치과용 임플란트 고정체,오스템임플란트(주),제허 26-218 호,20260324,제조,정상,1,비대상,,
치과용 임플란트 고정체,오스템임플란트(주),제허 26-217 호,20260324,제조,정상,1,비대상,,
치과용 임플란트 고정체,(주)아침해의료기,제허 26-209 호,20260319,제조,정상,1,비대상,,
치과용 임플란트 고정체,인비오스,제허 26-206 호,20260316,제조,정상,1,비대상,,
치과용 임플란트 고정체,(주)코웰메디,제허 26-203 호,20260316,제조,정상,1,비대상,,
치과용 임플란트 고정체,(주)덴티스,제허 26-125 호,20260210,제조,정상,1,비대상,,
치과용 임플란트 고정체,(주)덴티스,제허 26-126 호,20260210,제조,정상,1,비대상,,
치과용 임플란트 고정체,(주)네오바이오텍,제허 26-116 호,20260206,제조,정상,1,비대상,,
치과용 임플란트 고정체,(주)네오바이오텍,제허 26-117 호,20260206,제조,정상,1,비대상,,
치과용 임플란트 고정체,인비오스,제허 26-45 호,20260115,제조,정상,1,비대상,,
치과용 임플란트 고정체,주식회사 저스트,제허 26-13 호,20260107,제조,정상,1,비대상,(주)아이디스,
치과용 임플란트 고정체,주식회사 저스트,제허 26-12 호,20260107,제조,정상,1,비대상,(주)아이디스,
치과용 임플란트 고정체,에프앤비테크놀로지(주),제허 26-7 호,20260105,제조,정상,1,비대상,신세기메디텍 주식회사,
치과용 임플란트 고정체,주식회사 하나메디테크,제허 25-852 호,20251222,제조,정상,1,비대상,(주)케이제이메디텍,
치과용 임플란트 고정체,포인트임플란트(주) 부산지점,제허 25-811 호,20251201,제조,정상,1,비대상,,
치과용 임플란트 고정체,(주)메디덴,제허 25-810 호,20251201,제조,정상,1,비대상,(주)허브바이오텍,
치과용 임플란트 고정체,(주)메디덴,제허 25-796 호,20251125,제조,정상,1,비대상,(주)허브바이오텍,
치과용 임플란트 고정체,(주)덴티스,제허 25-723 호,20251028,제조,정상,1,비대상,,
치과용 임플란트 고정체,(주)덴티스,제허 25-724 호,20251028,제조,정상,1,비대상,,
치과용 임플란트 고정체,포인트임플란트(주) 부산지점,제허 25-678 호,20251001,제조,정상,1,비대상,,
치과용 임플란트 고정체,(주)메가젠임플란트,제허 25-613 호,20250905,제조,정상,1,비대상,,
치과용 임플란트 고정체,주식회사 비투랩,제허 25-588 호,20250826,제조,정상,1,비대상,,
치과용 임플란트 고정체,오스템임플란트(주),제허 25-556 호,20250814,제조,정상,1,비대상,,
치과용 임플란트 고정체,오스템임플란트(주),제허 25-555 호,20250814,제조,정상,1,비대상,,
치과용 임플란트 고정체,오스템임플란트(주),제허 25-554 호,20250814,제조,정상,1,비대상,,
치과용 임플란트 고정체,오스템임플란트(주),제허 25-553 호,20250814,제조,정상,1,비대상,,
치과용 임플란트 고정체,(주)메가젠임플란트,수허 25-125 호,20250814,수입,정상,1,비대상,Megagen Turkiye A.S.,
치과용 임플란트 고정체,주식회사 에이치티케이,제허 25-550 호,20250811,제조,정상,1,비대상,,
치과용 임플란트 고정체,주식회사 에이치티케이,제허 25-549 호,20250811,제조,정상,1,비대상,,
치과용 임플란트 고정체,주식회사덴큐,제허 25-544 호,20250808,제조,정상,1,비대상,,
치과용 임플란트 고정체,(주)아름덴티스트리,제허 25-482 호,20250718,제조,정상,1,비대상,,
치과용 임플란트 고정체,오스테오바이오닉스 주식회사,제허 25-454 호,20250709,제조,정상,1,비대상,,
치과용 임플란트 고정체,주식회사덴큐,제허 25-403 호,20250620,제조,정상,1,비대상,,
치과용 임플란트 고정체,(주)덴티스,제허 25-345 호,20250523,제조,정상,1,비대상,,
치과용 임플란트 고정체,오스템임플란트(주),제허 25-331 호,20250520,제조,정상,1,비대상,,
치과용 임플란트 고정체,오스템임플란트(주),제허 25-325 호,20250519,제조,정상,1,비대상,,
치과용 임플란트 고정체,(주)디오,제허 25-304 호,20250509,제조,정상,1,비대상,,
치과용 임플란트 고정체,(주)하이니스,제허 25-294 호,20250507,제조,정상,1,비대상,,
치과용 임플란트 고정체,오스템임플란트(주),제허 25-291 호,20250430,제조,정상,1,비대상,,
치과용 임플란트 고정체,오스템임플란트(주),제허 25-255 호,20250417,제조,정상,1,비대상,,
치과용 임플란트 고정체,오스템임플란트(주),제허 25-254 호,20250417,제조,정상,1,비대상,,
치과용 임플란트 고정체,오스템임플란트(주),제허 25-243 호,20250414,제조,정상,1,비대상,,
치과용 임플란트 고정체,오스템임플란트(주),제허 25-237 호,20250409,제조,정상,1,비대상,,
치과용 임플란트 고정체,(주)트루어버트먼트코리아,제허 25-172 호,20250320,제조,정상,1,비대상,,
치과용 임플란트 고정체,한스바이오메드(주),제허 25-143 호,20250310,제조,취소·취하,1,비대상,(주)비투랩,2026-04-01
치과용 임플란트 고정체,(주)허브바이오텍,제허 25-140 호,20250310,제조,정상,1,비대상,,
치과용 임플란트 고정체,(주)하이니스,제허 25-122 호,20250227,제조,정상,1,비대상,,
치과용 임플란트 고정체,(주)하이니스,제허 25-121 호,20250227,제조,정상,1,비대상,,
치과용 임플란트 고정체,(주)메가젠임플란트,제허 25-118 호,20250225,제조,정상,1,비대상,,
치과용 임플란트 고정체,(주)코웰메디,제허 25-57 호,20250124,제조,정상,1,비대상,,
치과용 임플란트 고정체,(주) 메타약품,제허 24-905 호,20241224,제조,취소·취하,1,비대상,신세기메디텍(주),2025-07-28
치과용 임플란트 고정체,(주)네오바이오텍,제허 24-873 호,20241212,제조,정상,1,비대상,,
치과용 임플란트 고정체,(주)네오바이오텍,제허 24-874 호,20241212,제조,정상,1,비대상,,
치과용 임플란트 고정체,(주)코웰메디,제허 24-840 호,20241127,제조,정상,1,비대상,,
치과용 임플란트 고정체,(주)워랜텍,제허 24-832 호,20241126,제조,취소·취하,1,비대상,,2025-10-24
치과용 임플란트 고정체,오스템임플란트(주),제허 24-790 호,20241113,제조,정상,1,비대상,,
치과용 임플란트 고정체,오스템임플란트(주),제허 24-789 호,20241113,제조,정상,1,비대상,,
치과용 임플란트 고정체,오스템임플란트(주),제허 24-788 호,20241113,제조,정상,1,비대상,,
치과용 임플란트 고정체,오스템임플란트(주),제허 24-776 호,20241111,제조,정상,1,비대상,,
치과용 임플란트 고정체,오스템임플란트(주),제허 24-777 호,20241111,제조,정상,1,비대상,,
치과용 임플란트 고정체,오스템임플란트(주),제허 24-775 호,20241111,제조,정상,1,비대상,,
치과용 임플란트 고정체,주식회사 도이프,제허 24-731 호,20241025,제조,정상,1,비대상,,
치과용 임플란트 고정체,(주)아름덴티스트리,제허 24-726 호,20241023,제조,정상,1,비대상,,
치과용 임플란트 고정체,(주)한국치과임플란트연구소(KDI),제허 24-717 호,20241022,제조,정상,1,비대상,,
치과용 임플란트 고정체,(주)한국치과임플란트연구소(KDI),제허 24-716 호,20241022,제조,정상,1,비대상,,
치과용 임플란트 고정체,주식회사 도이프,제허 24-693 호,20241014,제조,정상,1,비대상,,
치과용 임플란트 고정체,(주)허브바이오텍,제허 24-664 호,20241002,제조,정상,1,비대상,,
치과용 임플란트 고정체,에프앤비테크놀로지(주),제허 24-644 호,20240923,제조,정상,1,비대상,신세기메디텍(주),
치과용 임플란트 고정체,(주)아름덴티스트리,제허 24-643 호,20240923,제조,정상,1,비대상,,
치과용 임플란트 고정체,43팩토리,제허 24-646 호,20240923,제조,취소·취하,1,비대상,,2025-08-04
치과용 임플란트 고정체,(주)허브바이오텍,제허 24-617 호,20240906,제조,정상,1,비대상,,
치과용 임플란트 고정체,(주)덴티스,제허 24-584 호,20240827,제조,정상,1,비대상,,
치과용 임플란트 고정체,(주)한국치과임플란트연구소(KDI),제허 24-583 호,20240827,제조,정상,1,비대상,,
치과용 임플란트 고정체,(주)덴티스,제허 24-582 호,20240826,제조,정상,1,비대상,,
치과용 임플란트 고정체,(주)덴티스,제허 24-569 호,20240819,제조,정상,1,비대상,,
치과용 임플란트 고정체,신세기메디텍(주),제허 24-556 호,20240816,제조,정상,1,비대상,,
치과용 임플란트 고정체,(주) 메타약품,제허 24-550 호,20240814,제조,취소·취하,1,비대상,이젠임플란트(주),2025-07-28
치과용 임플란트 고정체,(주) 메타약품,제허 24-551 호,20240814,제조,취소·취하,1,비대상,이젠임플란트(주),2025-07-28
치과용 임플란트 고정체,(주) 메타약품,제허 24-549 호,20240814,제조,취소·취하,1,비대상,이젠임플란트(주),2025-07-28
치과용 임플란트 고정체,(주)아이디스,제허 24-510 호,20240730,제조,정상,1,비대상,,
치과용 임플란트 고정체,(주)아름덴티스트리,제허 24-475 호,20240712,제조,정상,1,비대상,,
치과용 임플란트 고정체,오스템임플란트(주),제허 24-469 호,20240710,제조,정상,1,비대상,,
치과용 임플란트 고정체,(주)아이디스,제허 24-464 호,20240708,제조,정상,1,비대상,,
치과용 임플란트 고정체,(주)메가젠임플란트,제허 24-456 호,20240704,제조,정상,1,비대상,,
치과용임플란트고정체,(주)비앤메디,제허 24-445 호,20240702,제조,정상,1,비대상,,
치과용 임플란트 고정체,(주)워랜텍,제허 24-383 호,20240605,제조,정상,1,비대상,,
치과용 임플란트 고정체,(주)케이제이메디텍,제허 24-382 호,20240604,제조,정상,1,비대상,,
치과용 임플란트 고정체,원메디텍,제허 24-337 호,20240517,제조,정상,1,비대상,,
치과용 임플란트 고정체,(주)오스비스,제허 24-325 호,20240510,제조,정상,1,비대상,,
치과용 임플란트 고정체,(주)오스비스,제허 24-324 호,20240510,제조,정상,1,비대상,,
치과용 임플란트 고정체,(주)아이디스,제허 24-300 호,20240430,제조,정상,1,비대상,,
치과용 임플란트 고정체,(주)오스비스,제허 24-269 호,20240418,제조,정상,1,비대상,,
치과용 임플란트 고정체,(주)오스비스,제허 24-268 호,20240418,제조,정상,1,비대상,,
치과용 임플란트 고정체,오스테오바이오닉스 주식회사,제허 24-253 호,20240409,제조,정상,1,비대상,,
치과용 임플란트 고정체,오스템임플란트(주),제허 24-192 호,20240313,제조,정상,1,비대상,,
치과용 임플란트 고정체,(주)하이니스,제허 24-168 호,20240305,제조,정상,1,비대상,,
치과용 임플란트 고정체,오스템임플란트(주),제허 24-134 호,20240221,제조,정상,1,비대상,,
치과용 임플란트 고정체,오스템임플란트(주),제허 24-133 호,20240221,제조,정상,1,비대상,,
치과용임플란트고정체,(주)아침해의료기,제허 24-103 호,20240207,제조,정상,1,비대상,,
치과용 임플란트 고정체,오스테오바이오닉스 주식회사,제허 24-82 호,20240201,제조,정상,1,비대상,,
치과용 임플란트 고정체,오스테오바이오닉스 주식회사,제허 24-81 호,20240201,제조,정상,1,비대상,,
치과용 임플란트 고정체,(주)엠씨티바이오,제허 24-70 호,20240130,제조,정상,1,비대상,,
치과용 임플란트 고정체,오스테오바이오닉스 주식회사,제허 24-59 호,20240123,제조,정상,1,비대상,,
치과용 임플란트 고정체,오스테오바이오닉스 주식회사,제허 24-26 호,20240110,제조,정상,1,비대상,,
치과용 임플란트 고정체,오스테오바이오닉스 주식회사,제허 24-30 호,20240110,제조,정상,1,비대상,,
치과용 임플란트 고정체,(주)이노바이오써지,제허 23-1187 호,20231228,제조,정상,1,비대상,,
치과용 임플란트 고정체,(주)태원테크,제허 23-1164 호,20231220,제조,취소·취하,1,비대상,,2024-12-12
치과용 임플란트 고정체,오스테오바이오닉스 주식회사,제허 23-1127 호,20231212,제조,정상,1,비대상,,
치과용 임플란트 고정체,주식회사쿠보텍,제허 23-1128 호,20231212,제조,정상,1,비대상,,
치과용 임플란트 고정체,주식회사쿠보텍,제허 23-1129 호,20231212,제조,정상,1,비대상,,
치과용 임플란트 고정체,(주) 메타약품,제허 23-1118 호,20231207,제조,취소·취하,1,비대상,신세기메디텍(주),2025-07-28
치과용임플란트고정체,오스테오바이오닉스 주식회사,제허 23-1093 호,20231128,제조,정상,1,비대상,,
치과용 임플란트 고정체,오스템임플란트(주),제허 23-1075 호,20231121,제조,정상,1,비대상,,
치과용 임플란트 고정체,(주)오스비스,제허 23-1060 호,20231115,제조,정상,1,비대상,,
치과용 임플란트 고정체,오스템임플란트(주),제허 23-1048 호,20231109,제조,정상,1,비대상,,
치과용 임플란트 고정체,오스템임플란트(주),제허 23-990 호,20231018,제조,정상,1,비대상,,
치과용임플란트고정체,오스테오바이오닉스 주식회사,제허 23-980 호,20231013,제조,정상,1,비대상,,
치과용임플란트고정체,(주)워랜텍,제허 23-901 호,20230908,제조,정상,1,비대상,,
치과용 임플란트 고정체,주식회사 비투랩,제허 23-871 호,20230828,제조,정상,1,비대상,,
치과용임플란트고정체,(주)워랜텍,제허 23-859 호,20230823,제조,정상,1,비대상,,
치과용임플란트고정체,(주)오스비스,제허 23-850 호,20230821,제조,정상,1,비대상,,
치과용 임플란트 고정체,(주)비앤메디,제허 23-837 호,20230814,제조,정상,1,비대상,,
치과용 임플란트 고정체,(주)엠비에이바이오텍,제허 23-806 호,20230728,제조,정상,1,비대상,,
치과용 임플란트 고정체,(주)비앤메디,제허 23-802 호,20230725,제조,정상,1,비대상,,
치과용임플란트고정체,시에스엠임플란트,제허 23-762 호,20230706,제조,정상,1,비대상,,
치과용임플란트고정체,오스테오바이오닉스 주식회사,제허 23-750 호,20230705,제조,정상,1,비대상,,
치과용임플란트고정체,오스테오바이오닉스 주식회사,제허 23-752 호,20230705,제조,정상,1,비대상,,
치과용임플란트고정체,오스테오바이오닉스 주식회사,제허 23-751 호,20230705,제조,정상,1,비대상,,
치과용임플란트고정체,오스템임플란트(주),제허 23-753 호,20230705,제조,정상,1,비대상,,
치과용임플란트고정체,덴츠플라이시로나코리아(유),수허 23-251 호,20230630,수입,정상,1,비대상,MIS Implants Technologies Ltd.,
치과용임플란트고정체,(주)케이제이메디텍,제허 23-740 호,20230630,제조,정상,1,비대상,,
치과용임플란트고정체,덴츠플라이시로나코리아(유),수허 23-250 호,20230630,수입,정상,1,비대상,MIS Implants Technologies Ltd.,
치과용임플란트고정체,오스테오바이오닉스 주식회사,제허 23-727 호,20230628,제조,정상,1,비대상,오스테오바이오닉스 주식회사,
치과용임플란트고정체,이젠임플란트(주),제허 23-672 호,20230615,제조,정상,1,비대상,,
치과용임플란트고정체,이젠임플란트(주),제허 23-671 호,20230615,제조,정상,1,비대상,,
치과용임플란트고정체,이젠임플란트(주),제허 23-656 호,20230612,제조,정상,1,비대상,,
치과용임플란트고정체,이젠임플란트(주),제허 23-657 호,20230612,제조,정상,1,비대상,,
치과용임플란트고정체,(주)스누콘,제허 23-643 호,20230607,제조,정상,1,비대상,,
치과용임플란트고정체,이젠임플란트(주),제허 23-621 호,20230530,제조,정상,1,비대상,,
치과용임플란트고정체,(주)비앤메디,제허 23-586 호,20230516,제조,정상,1,비대상,,
치과용임플란트고정체,오스템임플란트(주),제허 23-572 호,20230511,제조,정상,1,비대상,,
치과용임플란트고정체,(주)하이니스,제허 23-541 호,20230426,제조,정상,1,비대상,,
치과용임플란트고정체,(주)아이디스,제허 23-479 호,20230406,제조,정상,1,비대상,,
치과용임플란트고정체,주식회사 유니언스,제허 23-475 호,20230405,제조,정상,1,비대상,삼원 DMP,
치과용임플란트고정체,주식회사 유니언스,제허 23-474 호,20230405,제조,정상,1,비대상,삼원 DMP,
특수재질치과용임플란트고정체,오스템임플란트(주),제허 23-467 호,20230403,제조,정상,1,비대상,,
치과용임플란트고정체,주식회사 비투랩,제허 23-436 호,20230324,제조,정상,1,비대상,,
치과용임플란트고정체,(주)트루어버트먼트코리아,제허 23-422 호,20230316,제조,정상,1,비대상,,
치과용임플란트고정체,(주)이클레틱,제허 23-239 호,20230307,제조,정상,1,비대상,(주)후원이디아이,
치과용임플란트고정체,(주)태원테크,제허 23-232 호,20230306,제조,취소·취하,1,비대상,,2024-12-12
치과용임플란트고정체,(주)원데이바이오텍,제허 23-134 호,20230224,제조,정상,1,비대상,,
치과용임플란트고정체,(주)메가젠임플란트,제허 23-127 호,20230222,제조,정상,1,비대상,,
치과용임플란트고정체,(주)트루어버트먼트코리아,제허 23-110 호,20230216,제조,정상,1,비대상,,
치과용임플란트고정체,(주)트루어버트먼트코리아,제허 23-111 호,20230216,제조,정상,1,비대상,,
치과용임플란트고정체,(주)덴티움광교공장,제허 23-88 호,20230208,제조,정상,1,비대상,,
치과용임플란트고정체,(주)오스비스,제허 23-53 호,20230120,제조,정상,1,비대상,,
치과용임플란트고정체,(주)아름덴티스트리,제허 23-22 호,20230112,제조,정상,1,비대상,,
치과용임플란트고정체,오스테오바이오닉스 주식회사,제허 23-20 호,20230110,제조,정상,1,비대상,,
치과용임플란트고정체,오스테오바이오닉스 주식회사,제허 22-881 호,20221221,제조,정상,1,비대상,,
치과용임플란트고정체,주식회사 유니언스,제허 22-813 호,20221202,제조,정상,1,비대상,삼원 D.M.P,
치과용임플란트고정체,주식회사 유니언스,제허 22-812 호,20221202,제조,정상,1,비대상,삼원 D.M.P,
치과용임플란트고정체,(주)아름덴티스트리,제허 22-808 호,20221201,제조,정상,1,비대상,,
치과용임플란트고정체,(주)오스비스,제허 22-759 호,20221114,제조,정상,1,비대상,,
치과용임플란트고정체,(주)엠비에이바이오텍,제허 22-721 호,20221026,제조,정상,1,비대상,,
치과용임플란트고정체,(주)서치,제허 22-667 호,20221004,제조,정상,1,비대상,,
치과용임플란트고정체,주식회사 제노,제허 22-666 호,20221004,제조,정상,1,비대상,,
치과용임플란트고정체,(주)사이버메드,제허 22-605 호,20220908,제조,정상,1,비대상,,
치과용임플란트고정체,로체주식회사,제허 22-586 호,20220907,제조,취소·취하,1,비대상,,2023-06-21
치과용임플란트고정체,주식회사피엔유에드,제허 22-595 호,20220906,제조,정상,1,비대상,에이덴 주식회사,
치과용임플란트고정체,이젠임플란트(주),제허 22-596 호,20220906,제조,정상,1,비대상,,
치과용임플란트고정체,(주)에스디엠,제허 22-564 호,20220819,제조,정상,1,비대상,,
치과용임플란트고정체,(주)이클레틱,제허 22-562 호,20220818,제조,정상,1,비대상,주식회사 사이버메드,
치과용임플란트고정체,(주)에스디엠,제허 22-549 호,20220810,제조,정상,1,비대상,,
치과용임플란트고정체,(주)서치,제허 22-516 호,20220802,제조,정상,1,비대상,,
치과용임플란트고정체,주식회사덴큐,제허 22-467 호,20220719,제조,정상,1,비대상,,
치과용임플란트고정체,(주)바이오템,제허 22-430 호,20220705,제조,정상,1,비대상,,
치과용임플란트고정체,주식회사덴큐,제허 22-429 호,20220705,제조,정상,1,비대상,,
치과용임플란트고정체,(주)이노바이오써지,제허 22-375 호,20220609,제조,정상,1,비대상,,
치과용임플란트고정체,이젠임플란트(주),제허 22-326 호,20220520,제조,정상,1,비대상,,
치과용임플란트고정체,(주)한국치과임플란트연구소(KDI),제허 22-317 호,20220518,제조,정상,1,비대상,,
치과용임플란트고정체,(주)아름덴티스트리,제허 22-295 호,20220509,제조,정상,1,비대상,,
치과용임플란트고정체,(주)이노바이오써지,제허 22-246 호,20220413,제조,정상,1,비대상,,
치과용임플란트고정체,(주)레이언스,제허 22-166 호,20220314,제조,취소·취하,1,비대상,(주)후원이디아이,2024-02-23
치과용임플란트고정체,(주)아침해의료기,제허 22-153 호,20220307,제조,정상,1,비대상,,
치과용임플란트고정체,(주)덴티스,제허 22-74 호,20220204,제조,정상,1,비대상,,
치과용임플란트고정체,(주)비앤메디,제허 21-1041 호,20211227,제조,정상,1,비대상,,
치과용임플란트고정체,(주)비앤메디,제허 21-1038 호,20211223,제조,정상,1,비대상,,
치과용임플란트고정체,시에스엠임플란트,제허 21-997 호,20211209,제조,정상,1,비대상,,
치과용임플란트고정체,(주)스누콘,제허 21-947 호,20211124,제조,정상,1,비대상,,
치과용임플란트고정체,(주)아침해의료기,제허 21-942 호,20211123,제조,정상,1,비대상,,
치과용임플란트고정체,(주)에비던스임플란트,제허 21-899 호,20211111,제조,정상,1,비대상,,
치과용임플란트고정체,(주)케이제이메디텍,제허 21-863 호,20211027,제조,정상,1,비대상,,
치과용임플란트고정체,(유)짐머바이오메트코리아,수허 21-246 호,20211021,수입,취소·취하,1,비대상,"Biomet 3i Dental Iberica, S.L.",2022-04-20
치과용임플란트고정체,(유)짐머바이오메트코리아,수허 21-245 호,20211021,수입,취소·취하,1,비대상,Biomet 3i Dental Iberica S.L,2022-04-20
치과용임플란트고정체,(주)제로스,제허 21-807 호,20210929,제조,정상,1,비대상,,
치과용 임플란트 고정체,이젠임플란트(주),제허 21-751 호,20210908,제조,정상,1,비대상,,
치과용 임플란트 고정체,스트라우만덴탈코리아(주),수허 21-216 호,20210907,수입,정상,1,비대상,Anthogyr SAS,
치과용임플란트고정체,(주)제이제이메디컬,제허 21-715 호,20210825,제조,정상,1,비대상,,
치과용 임플란트 고정체,(주)덴티스,제허 21-651 호,20210802,제조,정상,1,비대상,,
치과용 임플란트 고정체,(주)덴티스,제허 21-652 호,20210802,제조,정상,1,비대상,,
치과용 임플란트 고정체,(주)덴티스,제허 21-604 호,20210714,제조,정상,1,비대상,,
치과용 임플란트 고정체,(주)한국치과임플란트연구소(KDI),제허 21-579 호,20210708,제조,정상,1,비대상,,
치과용 임플란트 고정체,(주)해피엘,제허 21-528 호,20210628,제조,정상,1,비대상,(주)도세라,
치과용임플란트고정체,에이덴 주식회사,제허 21-482 호,20210616,제조,정상,1,비대상,,
치과용 임플란트 고정체,이젠임플란트(주),제허 21-383 호,20210514,제조,정상,1,비대상,,
치과용 임플란트 고정체,(유)인공장기연구소,제허 21-343 호,20210503,제조,정상,1,비대상,"(유)더브라이트, ㈜덴티움광교공장",
치과용 임플란트 고정체,오스템임플란트(주),제허 21-320 호,20210422,제조,정상,1,비대상,,
치과용임플란트고정체,(주)스누콘,제허 21-183 호,20210311,제조,정상,1,비대상,,
치과용임플란트고정체,(주)하이니스,제허 21-167 호,20210304,제조,정상,1,비대상,,
치과용임플란트고정체,(주)하이니스,제허 21-166 호,20210304,제조,정상,1,비대상,,
치과용임플란트고정체,(주)하이니스,제허 21-134 호,20210222,제조,정상,1,비대상,,
치과용 임플란트 고정체,(주)하이니스,제허 21-94 호,20210204,제조,정상,1,비대상,,
치과용 임플란트 고정체,(주)덴티스,제허 21-73 호,20210128,제조,정상,1,비대상,,
치과용임플란트고정체,에이덴 주식회사,제허 21-2 호,20210104,제조,정상,1,비대상,,
치과용임플란트고정체,(주)원데이바이오텍,제허 20-1157 호,20201229,제조,정상,1,비대상,,
치과용 임플란트 고정체,오스템임플란트(주),제허 20-1149 호,20201224,제조,정상,1,비대상,,
치과용 임플란트 고정체,오스템임플란트(주),제허 20-1146 호,20201224,제조,정상,1,비대상,,
치과용임플란트고정체,(주)덴티스,제허 20-1117 호,20201221,제조,취소·취하,1,비대상,,2025-01-24
치과용 임플란트 고정체,(주)아름덴티스트리,제허 20-1052 호,20201207,제조,정상,1,비대상,,
치과용임플란트고정체,수바이오주식회사,제허 20-1047 호,20201204,제조,정상,1,비대상,,
치과용 임플란트 고정체,에스아이씨인벤트아시아퍼시픽(주),수허 20-241 호,20201118,수입,정상,1,비대상,CPM Precision GmbH,
치과용 임플란트 고정체,오스템임플란트(주),제허 20-889 호,20201015,제조,정상,1,비대상,,
치과용 임플란트 고정체,오스템임플란트(주),제허 20-890 호,20201015,제조,정상,1,비대상,,
치과용 임플란트 고정체,오스템임플란트(주),제허 20-891 호,20201015,제조,정상,1,비대상,,
치과용임플란트고정체,(주)태원테크,제허 20-661 호,20200814,제조,취소·취하,1,비대상,,2024-12-12
치과용임플란트고정체,(주)덴티움광교공장,제허 20-626 호,20200805,제조,정상,1,비대상,(주)덴티움광교공장,
치과용임플란트고정체,(주)제이제이메디컬,제허 20-604 호,20200728,제조,정상,1,비대상,,
치과용임플란트고정체,(주)스누콘,제허 20-545 호,20200706,제조,정상,1,비대상,,
치과용임플란트고정체,오스템임플란트(주),제허 20-451 호,20200605,제조,정상,1,비대상,,
치과용임플란트고정체,오스템임플란트(주),제허 20-450 호,20200605,제조,정상,1,비대상,,
치과용임플란트고정체,(주)메가젠임플란트,제허 20-449 호,20200605,제조,정상,1,비대상,,
치과용임플란트고정체,오스템임플란트(주),제허 20-439 호,20200603,제조,정상,1,비대상,,
치과용임플란트고정체,오스템임플란트(주),제허 20-421 호,20200529,제조,정상,1,비대상,,
치과용임플란트고정체,오스템임플란트(주),제허 20-412 호,20200529,제조,정상,1,비대상,,
치과용임플란트고정체,오스템임플란트(주),제허 20-413 호,20200529,제조,정상,1,비대상,,
치과용임플란트고정체,오스템임플란트(주),제허 20-411 호,20200529,제조,정상,1,비대상,,
치과용임플란트고정체,이젠임플란트(주),제허 20-357 호,20200512,제조,취소·취하,1,비대상,,2023-06-02
치과용임플란트고정체,이젠임플란트(주),제허 20-359 호,20200512,제조,취소·취하,1,비대상,,2021-05-28
치과용임플란트고정체,이젠임플란트(주),제허 20-360 호,20200512,제조,취소·취하,1,비대상,,2023-07-03
치과용임플란트고정체,이젠임플란트(주),제허 20-358 호,20200512,제조,취소·취하,1,비대상,,2023-07-03
치과용임플란트고정체,(주)덴티스,제허 20-254 호,20200403,제조,정상,1,비대상,,
치과용임플란트고정체,(주)유니덴탈,제허 20-179 호,20200313,제조,정상,1,비대상,,
치과용임플란트고정체,오스템임플란트(주),제허 20-50 호,20200122,제조,정상,1,비대상,,
치과용임플란트고정체,(주)제로스,제허 20-8 호,20200103,제조,정상,1,비대상,,
치과용임플란트고정체,(주)세원메딕스,제허 19-742 호,20191120,제조,정상,1,비대상,,
치과용임플란트고정체,(주)바이오템,제허 19-736 호,20191118,제조,정상,1,비대상,,
치과용임플란트고정체,(주)위드웰임플란트,제허 19-728 호,20191114,제조,정상,1,비대상,(주)제로스,
치과용임플란트고정체,(주)바이오템,제허 19-700 호,20191105,제조,정상,1,비대상,,
치과용임플란트고정체,(주)스누콘,제허 19-672 호,20191023,제조,정상,1,비대상,,
치과용임플란트고정체,오스템임플란트(주),제허 19-617 호,20191001,제조,정상,1,비대상,,
치과용임플란트고정체,(주)아이디스,제허 19-605 호,20190924,제조,정상,1,비대상,,
치과용임플란트고정체,(주)하이니스,제허 19-577 호,20190905,제조,정상,1,비대상,,
치과용임플란트고정체,(주)메드파크,제허 19-467 호,20190718,제조,취소·취하,1,비대상,,2022-01-28
치과용임플란트고정체,(주)스누콘,제허 19-399 호,20190625,제조,정상,1,비대상,,
치과용임플란트고정체,(주)사이버메드,제허 19-378 호,20190618,제조,정상,1,비대상,,
치과용임플란트고정체,오스템임플란트(주),제허 19-372 호,20190617,제조,정상,1,비대상,,
치과용임플란트고정체,오스템임플란트(주),제허 19-371 호,20190617,제조,정상,1,비대상,,
치과용임플란트고정체,(주)세원메딕스,제허 19-353 호,20190605,제조,취소·취하,1,비대상,,2019-11-12
치과용임플란트고정체,오스템임플란트(주),수허 19-141 호,20190520,수입,정상,1,비대상,HIOSSEN Inc.,
치과용임플란트고정체,오스템임플란트(주),제허 19-304 호,20190513,제조,정상,1,비대상,,
치과용임플란트고정체,오스템임플란트(주),제허 19-267 호,20190425,제조,정상,1,비대상,,
치과용임플란트고정체,오스템임플란트(주),제허 19-268 호,20190425,제조,정상,1,비대상,,
치과용임플란트고정체,(주)바이오템,제허 19-198 호,20190401,제조,정상,1,비대상,,
치과용임플란트고정체,(주)케이제이메디텍,제허 19-148 호,20190311,제조,정상,1,비대상,,
치과용임플란트고정체,(주)케이제이메디텍,제허 19-147 호,20190311,제조,정상,1,비대상,,
치과용임플란트고정체,(주)네이처글루텍,제허 19-92 호,20190211,제조,취소·취하,1,비대상,(주)메디메카,2021-11-04
치과용임플란트고정체,오스템임플란트(주),제허 19-81 호,20190130,제조,정상,1,비대상,,
치과용임플란트고정체,(주)메디메카,제허 19-11 호,20190107,제조,취소·취하,1,비대상,,2019-06-11
치과용임플란트고정체,오스템임플란트(주),제허 18-841 호,20181228,제조,정상,1,비대상,,
치과용임플란트고정체,(주)이노바이오써지,제허 18-777 호,20181206,제조,정상,1,비대상,,
치과용임플란트고정체,(주)사이버메드,제허 18-775 호,20181204,제조,정상,1,비대상,,
치과용임플란트고정체,(주)워랜텍,제허 18-765 호,20181130,제조,취소·취하,1,비대상,,2020-01-21
치과용임플란트고정체,에이덴 주식회사,제허 18-731 호,20181112,제조,정상,1,비대상,,
특수재질치과용임플란트고정체,스트라우만덴탈코리아(주),수허 18-317 호,20181105,수입,정상,1,비대상,Straumann Villeret SA,
치과용임플란트고정체,에프앤비테크놀로지(주),제허 18-633 호,20180917,제조,정상,1,비대상,(주)티스트롱,
치과용임플란트고정체,(주)스누콘,제허 18-562 호,20180807,제조,정상,1,비대상,,
치과용임플란트고정체,신세기메디텍(주),제허 18-514 호,20180724,제조,정상,1,비대상,,
치과용임플란트고정체,(주)덴탈릭스,제허 18-511 호,20180723,제조,정상,1,비대상,,
치과용임플란트고정체,(주)케이제이메디텍,제허 18-510 호,20180723,제조,정상,1,비대상,,
치과용임플란트고정체,(주)네오바이오텍,제허 18-406 호,20180611,제조,정상,1,비대상,,
치과용임플란트고정체,(주)에스디엠,제허 18-260 호,20180416,제조,정상,1,비대상,,
치과용임플란트고정체,이쎈코리아(주),제허 18-242 호,20180410,제조,취소·취하,1,비대상,,2021-06-29
치과용임플란트고정체,(주)원데이바이오텍,제허 18-222 호,20180403,제조,정상,1,비대상,,
치과용임플란트고정체,(주)태원테크,제허 18-150 호,20180306,제조,취소·취하,1,비대상,,2024-12-12
치과용임플란트고정체,오스템임플란트(주),제허 17-970 호,20171221,제조,정상,1,비대상,,
치과용임플란트고정체,(주)메가젠임플란트,수허 17-559 호,20171214,수입,취소·취하,1,비대상,"T-Plus Implant Tech. Co., Ltd.",2020-09-09
치과용임플란트고정체,오스템임플란트(주),수허 17-516 호,20171117,수입,정상,1,비대상,HIOSSEN Inc.,
치과용임플란트고정체,(주)메드파크,제허 17-860 호,20171108,제조,정상,1,비대상,,
치과용임플란트고정체,(유)인공장기연구소,제허 17-788 호,20171017,제조,정상,1,비대상,(유)더브라이트,
치과용임플란트고정체,(주)위드웰임플란트,제허 17-751 호,20170927,제조,정상,1,비대상,(주)제로스,
치과용임플란트고정체,(주)위드웰임플란트,제허 17-750 호,20170927,제조,정상,1,비대상,(주)제로스,
치과용임플란트고정체,(주)네오바이오텍,제허 17-697 호,20170912,제조,정상,1,비대상,,
치과용임플란트고정체,이쎈코리아(주),제허 17-656 호,20170828,제조,취소·취하,1,비대상,(주)케이제이메디텍,2021-06-29
치과용임플란트고정체,(주)원데이바이오텍,제허 17-635 호,20170821,제조,정상,1,비대상,,
치과용임플란트고정체,(주)케이제이메디텍,제허 17-584 호,20170731,제조,정상,1,비대상,,
치과용임플란트고정체,(주)세원메딕스,제허 17-487 호,20170712,제조,정상,1,비대상,,
치과용임플란트고정체,(주)이노바이오써지,제허 17-397 호,20170613,제조,정상,1,비대상,,
치과용임플란트고정체,(주)메디메카,제허 17-325 호,20170518,제조,정상,1,비대상,,
치과용임플란트고정체,(주)케이제이메디텍,제허 17-321 호,20170517,제조,정상,1,비대상,,
치과용임플란트고정체,(주)맥스픽스임플란트김해공장,제허 17-172 호,20170309,제조,취소·취하,1,비대상,,2019-04-10
치과용임플란트고정체,(주)아침해의료기,제허 16-879 호,20161123,제조,취소·취하,1,비대상,,2021-04-30
치과용임플란트고정체,(주)덴티스,제허 16-782 호,20161027,제조,정상,1,비대상,,
치과용임플란트고정체,시에스엠임플란트,제허 16-707 호,20160921,제조,정상,1,비대상,,
치과용임플란트고정체,시에스엠임플란트,제허 16-634 호,20160825,제조,정상,1,비대상,,
치과용임플란트고정체,시에스엠임플란트,제허 16-633 호,20160825,제조,정상,1,비대상,,
치과용임플란트고정체,시에스엠임플란트,제허 16-632 호,20160825,제조,정상,1,비대상,CSM Implant,
치과용임플란트고정체,(주)티스트롱,제허 16-562 호,20160728,제조,정상,1,비대상,,
치과용임플란트고정체,(주)케이제이메디텍,제허 16-465 호,20160701,제조,정상,1,비대상,,
치과용임플란트고정체,(주)에비던스임플란트,제허 16-464 호,20160701,제조,정상,1,비대상,,
치과용임플란트고정체,(주)제로스,제허 16-412 호,20160610,제조,정상,1,비대상,,
치과용임플란트고정체,(주)제로스,제허 16-411 호,20160610,제조,정상,1,비대상,,
치과용임플란트고정체,(주)에스디엠,제허 16-299 호,20160415,제조,정상,1,비대상,,
치과용임플란트고정체,(주)이노바이오써지,제허 16-216 호,20160324,제조,정상,1,비대상,,
치과용임플란트고정체,(주)메가젠임플란트,제허 16-132 호,20160222,제조,정상,1,비대상,,
치과용임플란트고정체,포인트임플란트(주) 부산지점,제허 16-17 호,20160107,제조,정상,1,비대상,,
치과용임플란트고정체,(주)제로스,제허 16-9 호,20160106,제조,정상,1,비대상,,
치과용임플란트고정체,(주)제로스,제허 15-1661 호,20151210,제조,정상,1,비대상,,
치과용임플란트고정체,(주)덴티스,제허 15-1604 호,20151123,제조,정상,1,비대상,(주)덴티스,
치과용임플란트고정체,(주)이노바이오써지,제허 15-1592 호,20151118,제조,정상,1,비대상,,
치과용임플란트고정체,(주)바이오템,제허 15-1582 호,20151113,제조,정상,1,비대상,,
치과용임플란트고정체,(주)제로스,제허 15-1542 호,20151102,제조,정상,1,비대상,,
치과용임플란트고정체,(주)네오바이오텍,제허 15-1503 호,20151022,제조,정상,1,비대상,,
치과용임플란트고정체,(주)네오바이오텍,제허 15-1504 호,20151022,제조,정상,1,비대상,,
치과용임플란트고정체,(주)네오바이오텍,제허 15-1506 호,20151022,제조,정상,1,비대상,,
치과용임플란트고정체,(주)이노바이오써지,제허 15-1507 호,20151022,제조,정상,1,비대상,,
치과용임플란트고정체,(주)네오바이오텍,제허 15-1505 호,20151022,제조,정상,1,비대상,,
치과용임플란트고정체,(주)네오바이오텍,제허 15-1481 호,20151016,제조,정상,1,비대상,,
치과용임플란트고정체,(주)네오바이오텍,제허 15-1480 호,20151016,제조,정상,1,비대상,,
치과용임플란트고정체,(주)덴티움광교공장,제허 15-1466 호,20151008,제조,정상,1,비대상,,
치과용임플란트고정체,시에스엠임플란트,제허 15-1454 호,20151005,제조,정상,1,비대상,시스엠임플란트,
치과용임플란트고정체,시에스엠임플란트,제허 15-1453 호,20151005,제조,정상,1,비대상,,
치과용임플란트고정체,시에스엠임플란트,제허 15-1452 호,20151005,제조,정상,1,비대상,,
치과용임플란트고정체,에스아이씨인벤트아시아퍼시픽(주),수허 15-1541 호,20150923,수입,정상,1,비대상,CPM Precision GmbH,
치과용임플란트고정체,(주)비앤메디,제허 15-1429 호,20150923,제조,정상,1,비대상,,
치과용임플란트고정체,(주)제로스,제허 15-1406 호,20150915,제조,정상,1,비대상,,
치과용임플란트고정체,(주)제로스,제허 15-1405 호,20150915,제조,정상,1,비대상,,
치과용임플란트고정체,(주)제로스,제허 15-1345 호,20150826,제조,정상,1,비대상,(주)제로스,
치과용임플란트고정체,(주)한국치과임플란트연구소(KDI),제허 15-1321 호,20150820,제조,취소·취하,1,비대상,,2022-07-07
치과용임플란트고정체,(주)이노바이오써지,제허 15-1278 호,20150806,제조,정상,1,비대상,,
치과용임플란트고정체,(주)덴티스,제허 15-1033 호,20150626,제조,취소·취하,1,비대상,(주)덴티스,2022-11-30
치과용임플란트고정체,(주)덴티스,제허 15-1012 호,20150625,제조,정상,1,비대상,,
치과용임플란트고정체,(주)메가젠임플란트,제허 15-1011 호,20150625,제조,취소·취하,1,비대상,,2016-11-04
치과용임플란트고정체,(주)아침해의료기,제허 15-928 호,20150611,제조,취소·취하,1,비대상,,2021-04-30
치과용임플란트고정체,(주)덴티움광교공장,제허 15-884 호,20150604,제조,정상,1,비대상,,
치과용임플란트고정체,오스템임플란트(주),제허 15-731 호,20150513,제조,정상,1,비대상,,
치과용임플란트고정체,오스템임플란트(주),제허 15-730 호,20150513,제조,정상,1,비대상,,
치과용임플란트고정체,주식회사쿠보텍,제허 15-710 호,20150508,제조,정상,1,비대상,,
치과용임플란트고정체,(주)스누콘,제허 15-514 호,20150409,제조,정상,1,비대상,,
치과용임플란트고정체,시에스엠임플란트,제허 15-449 호,20150331,제조,정상,1,비대상,,
치과용임플란트고정체,(주)덴티움광교공장,제허 15-383 호,20150318,제조,정상,1,비대상,,
치과용임플란트고정체,시에스엠임플란트,제허 15-380 호,20150318,제조,정상,1,비대상,시에스엠임플란트,
치과용임플란트고정체,(주)메가젠임플란트,제허 15-336 호,20150310,제조,정상,1,비대상,,
치과용임플란트고정체,(주)예스바이오테크,제허 15-289 호,20150302,제조,정상,1,비대상,,
치과용임플란트고정체,(주)케이제이메디텍,제허 15-199 호,20150212,제조,정상,1,비대상,,
치과용임플란트고정체,(주)메디메카,제허 15-185 호,20150210,제조,취소·취하,1,비대상,,2019-06-11
치과용임플란트고정체,(주)세원메딕스,제허 15-129 호,20150129,제조,정상,1,비대상,,
치과용임플란트고정체,오스템임플란트(주),제허 15-128 호,20150129,제조,정상,1,비대상,,
치과용임플란트고정체,(주)덴티스,제허 15-42 호,20150113,제조,정상,1,비대상,,
치과용임플란트고정체,시에스엠임플란트,제허 14-3363 호,20141231,제조,정상,1,비대상,시에스엠임플란트,
치과용임플란트고정체,(주)덴티움광교공장,제허 14-3149 호,20141217,제조,정상,1,비대상,(주)덴티움수원공장,
치과용임플란트고정체,(주)코웰메디,제허 14-2481 호,20141126,제조,정상,1,비대상,,
치과용임플란트고정체,(주)메디메카,제허 14-1846 호,20141017,제조,취소·취하,1,비대상,,2019-06-11
치과용임플란트고정체,(주)메디메카,제허 14-1833 호,20141015,제조,정상,1,비대상,,
치과용임플란트고정체,(주)코웰메디,제허 14-1497 호,20140819,제조,정상,1,비대상,,
치과용임플란트고정체,(주)디오,제허 14-1484 호,20140818,제조,정상,1,비대상,,
치과용임플란트고정체,(주)디오,제허 14-1483 호,20140818,제조,정상,1,비대상,,
치과용임플란트고정체,오스템임플란트(주),제허 14-1407 호,20140729,제조,정상,1,비대상,,
치과용임플란트고정체,한미실업,수허 14-2378 호,20140724,수입,정상,1,비대상,"Zest Anchors, Inc.",
치과용임플란트고정체,(주)맥스픽스임플란트김해공장,제허 14-1378 호,20140724,제조,취소·취하,1,비대상,,2019-04-10
치과용임플란트고정체,(주)에비던스임플란트,제허 14-1340 호,20140717,제조,정상,1,비대상,,
치과용임플란트고정체,주식회사 리앤바이오,제허 14-1296 호,20140708,제조,취소·취하,1,비대상,(주)메가젠임플란트,2023-01-09
치과용임플란트고정체,오스템임플란트(주),제허 14-1291 호,20140707,제조,정상,1,비대상,,
치과용임플란트고정체,(주)덴티스,제허 14-1037 호,20140515,제조,정상,1,비대상,,
치과용임플란트고정체,(주)케이제이메디텍,제허 14-947 호,20140425,제조,정상,1,비대상,,
특수재질치과용임플란트고정체,스트라우만덴탈코리아(주),수허 14-1620 호,20140407,수입,정상,1,비대상,Straumann Villeret SA,
치과용임플란트고정체,(주)에비던스임플란트,제허 14-790 호,20140403,제조,정상,1,비대상,,
치과용임플란트고정체,주식회사쿠보텍,제허 14-599 호,20140311,제조,정상,1,비대상,,
치과용임플란트고정체,(주)케이제이메디텍,제허 14-598 호,20140311,제조,정상,1,비대상,,
치과용임플란트고정체,(주)워랜텍,제허 14-571 호,20140307,제조,정상,1,비대상,,
치과용임플란트고정체,시에스엠임플란트,제허 14-566 호,20140306,제조,정상,1,비대상,,
치과용임플란트고정체,시에스엠임플란트,제허 14-533 호,20140303,제조,정상,1,비대상,,
치과용임플란트고정체,(주)디오,제허 14-496 호,20140226,제조,정상,1,비대상,,
치과용임플란트고정체,(주)에비던스임플란트,제허 14-408 호,20140214,제조,정상,1,비대상,,
치과용임플란트고정체,(주)덴티스,제허 14-258 호,20140127,제조,정상,1,비대상,,
치과용임플란트고정체,(주)메가젠임플란트,제허 14-191 호,20140121,제조,정상,1,비대상,,
치과용임플란트고정체,(주)케이제이메디텍,제허 14-56 호,20140106,제조,정상,1,비대상,,
치과용임플란트고정체,오스템임플란트(주),제허 14-54 호,20140106,제조,정상,1,비대상,,
치과용임플란트고정체,(주)메가젠임플란트,제허 14-55 호,20140106,제조,정상,1,비대상,,
치과용임플란트고정체,(주)덴티움광교공장,제허 13-2206 호,20131223,제조,정상,1,비대상,(주)덴티움광교공장,
치과용임플란트고정체,(주)제노스,제허 13-2127 호,20131213,제조,정상,1,비대상,(주)제노스,
치과용임플란트고정체,(주)케이제이메디텍,제허 13-2126 호,20131213,제조,정상,1,비대상,,
치과용임플란트고정체,(주)덴티움광교공장,제허 13-2085 호,20131211,제조,정상,1,비대상,,
치과용임플란트고정체,시에스엠임플란트,제허 13-1990 호,20131126,제조,취소·취하,1,비대상,,2015-01-09
치과용임플란트고정체,(주)케이제이메디텍,제허 13-1941 호,20131119,제조,정상,1,비대상,,
치과용임플란트고정체,(주)덴티스,제허 13-1940 호,20131119,제조,정상,1,비대상,,
치과용임플란트고정체,(주)케이제이메디텍,제허 13-1870 호,20131104,제조,정상,1,비대상,,
치과용임플란트고정체,(주)유한양행,수허 13-2335 호,20131028,수입,정상,1,비대상,Dentsply IH AB,
치과용임플란트고정체,(주)비앤메디,제허 13-1679 호,20131006,제조,정상,1,비대상,,
치과용임플란트고정체,(주)메가젠임플란트,제허 13-1484 호,20130827,제조,정상,1,비대상,,
치과용임플란트고정체,(주)코웰메디,제허 13-1311 호,20130723,제조,정상,1,비대상,,
치과용임플란트고정체,(주)덴티스,제허 13-1290 호,20130718,제조,정상,1,비대상,,
치과용임플란트고정체,(주)케이제이메디텍,제허 13-1199 호,20130708,제조,정상,1,비대상,,
치과용임플란트고정체,(주)케이제이메디텍,제허 13-1198 호,20130708,제조,정상,1,비대상,,
치과용임플란트고정체,오스템임플란트(주),제허 13-1004 호,20130607,제조,정상,1,비대상,,
치과용임플란트고정체,주식회사 리앤바이오,제허 13-971 호,20130604,제조,취소·취하,1,비대상,(주)메가젠임플란트,2023-01-09
치과용임플란트고정체,(주)코웰메디,제허 13-660 호,20130603,제조,정상,1,비대상,,
치과용임플란트고정체,(주)아침해의료기,제허 13-939 호,20130531,제조,취소·취하,1,비대상,,2022-05-16
치과용임플란트고정체,(주)아침해의료기,제허 13-938 호,20130531,제조,취소·취하,1,비대상,,2018-06-15
치과용임플란트고정체,(주)네오바이오텍,제허 13-886 호,20130521,제조,정상,1,비대상,,
치과용임플란트고정체,(주)네오바이오텍,제허 13-888 호,20130521,제조,정상,1,비대상,,
치과용임플란트고정체,시에스엠임플란트,제허 13-738 호,20130423,제조,정상,1,비대상,,
치과용임플란트고정체,(주)바이오덴타코리아,수허 13-667 호,20130412,수입,취소·취하,1,비대상,Biodenta,2018-02-28
치과용임플란트고정체,(주)바이오덴타코리아,수허 13-665 호,20130412,수입,취소·취하,1,비대상,Biodenta,2018-02-28
치과용임플란트고정체,오스템임플란트(주),제허 13-636 호,20130403,제조,정상,1,비대상,,
치과용임플란트고정체,오스템임플란트(주),제허 13-635 호,20130403,제조,정상,1,비대상,,
치과용임플란트고정체,(주)메가젠임플란트,제허 13-558 호,20130318,제조,정상,1,비대상,,
치과용임플란트고정체,(주)메가젠임플란트,제허 13-557 호,20130318,제조,정상,1,비대상,,
치과용임플란트고정체,오스템임플란트(주),제허 13-536 호,20130313,제조,정상,1,비대상,,
치과용임플란트고정체,(주)메디메카,제허 13-495 호,20130306,제조,취소·취하,1,비대상,,2022-06-10
치과용임플란트고정체,(주)덴탈베이,수허 13-431 호,20130227,수입,정상,1,비대상,"Bicon, LLC",
치과용임플란트고정체,(주)예스바이오테크,제허 13-340 호,20130206,제조,정상,1,비대상,,
치과용임플란트고정체,(주)예스바이오테크,제허 13-341 호,20130206,제조,정상,1,비대상,,
치과용임플란트고정체,(주)예스바이오테크,제허 13-342 호,20130206,제조,정상,1,비대상,,
치과용임플란트고정체,(주)메가젠임플란트,제허 13-338 호,20130205,제조,정상,1,비대상,,
치과용임플란트고정체,오스템임플란트(주),제허 13-320 호,20130201,제조,정상,1,비대상,,
치과용임플란트고정체,오스템임플란트(주),제허 13-310 호,20130131,제조,정상,1,비대상,,
치과용임플란트고정체,오스템임플란트(주),제허 13-309 호,20130131,제조,정상,1,비대상,,
치과용임플란트고정체,오스템임플란트(주),제허 13-308 호,20130131,제조,정상,1,비대상,,
치과용임플란트고정체,오스템임플란트(주),제허 13-307 호,20130131,제조,정상,1,비대상,,
치과용임플란트고정체,(주)덴티스,제허 13-270 호,20130124,제조,정상,1,비대상,,
치과용임플란트고정체,시에스엠임플란트,제허 13-155 호,20130107,제조,정상,1,비대상,시에스엠임플란트,
치과용임플란트고정체,(주)메가젠임플란트,제허 13-154 호,20130107,제조,정상,1,비대상,,
치과용임플란트고정체,(주)덴티스,제허 12-1687 호,20121224,제조,정상,1,비대상,,
치과용임플란트고정체,(주)덴티스,제허 12-1688 호,20121224,제조,정상,1,비대상,,
치과용임플란트고정체,(주)덴티스,제허 12-1689 호,20121224,제조,정상,1,비대상,,
치과용임플란트고정체,(주)바이오템,제허 12-1619 호,20121212,제조,정상,1,비대상,주)바이오템,
치과용임플란트고정체,(주)덴티움광교공장,제허 12-1578 호,20121206,제조,정상,1,비대상,(주)덴티움광교공장,
치과용임플란트고정체,(주)덴티움광교공장,제허 12-1579 호,20121206,제조,정상,1,비대상,(주)덴티움광교공장,
치과용임플란트고정체,오스템임플란트(주),제허 12-1488 호,20121122,제조,정상,1,비대상,,
치과용임플란트고정체,오스템임플란트(주),제허 12-1487 호,20121122,제조,정상,1,비대상,,
치과용임플란트고정체,(주)메디메카,제허 12-1351 호,20121023,제조,취소·취하,1,비대상,,2019-06-11
치과용임플란트고정체,(주)디오,제허 12-1319 호,20121018,제조,정상,1,비대상,,
치과용임플란트고정체,(주)디오,제허 12-1318 호,20121018,제조,정상,1,비대상,,
치과용임플란트고정체,(주)디오,제허 12-1320 호,20121018,제조,정상,1,비대상,,
치과용임플란트고정체,포인트임플란트(주) 부산지점,제허 12-1276 호,20121009,제조,정상,1,비대상,,
치과용임플란트고정체,포인트임플란트(주) 부산지점,제허 12-1275 호,20121009,제조,정상,1,비대상,,
치과용임플란트고정체,시에스엠임플란트,제허 12-1202 호,20120919,제조,정상,1,비대상,시에스엠임플란트,
치과용임플란트고정체,(주)워랜텍,제허 12-1104 호,20120828,제조,취소·취하,1,비대상,,2020-01-21
치과용임플란트고정체,(주)코웰메디,제허 12-1103 호,20120828,제조,정상,1,비대상,(주)코웰메디,
치과용임플란트고정체,(주)코웰메디,제허 12-1102 호,20120828,제조,정상,1,비대상,(주)코웰메디,
치과용임플란트고정체,(주)코웰메디,제허 12-1061 호,20120814,제조,정상,1,비대상,,
치과용임플란트고정체,(주)워랜텍,제허 12-1060 호,20120814,제조,취소·취하,1,비대상,,2020-01-21
치과용임플란트고정체,(주)덴티스,제허 12-983 호,20120727,제조,정상,1,비대상,,
치과용임플란트고정체,(주)신흥엠에스티,제허 12-978 호,20120726,제조,정상,1,비대상,,
치과용임플란트고정체,(주)신흥엠에스티,제허 12-966 호,20120725,제조,정상,1,비대상,,
치과용임플란트고정체,(주)사이넥스,수허 12-1087 호,20120717,수입,취소·취하,1,비대상,"Nobel Biocare AB, Produktion",2022-04-22
치과용임플란트고정체,(주)신흥엠에스티,제허 12-808 호,20120625,제조,정상,1,비대상,,
치과용임플란트고정체,(주)코웰메디,제허 12-625 호,20120515,제조,정상,1,비대상,(주)코웰메디,
치과용임플란트고정체,(주)디오,제허 12-607 호,20120514,제조,정상,1,비대상,,
치과용임플란트고정체,삼원디엠피,제허 12-551 호,20120503,제조,정상,1,비대상,,
치과용임플란트고정체,(주)예스바이오테크,제허 12-525 호,20120427,제조,취소·취하,1,비대상,,2022-11-17
치과용임플란트고정체,삼원디엠피,제허 12-446 호,20120413,제조,정상,1,비대상,,
치과용임플란트고정체,(주)메가젠임플란트,제허 12-426 호,20120406,제조,취소·취하,1,비대상,,2022-05-25
치과용임플란트고정체,(주)아침해의료기,제허 12-408 호,20120403,제조,정상,1,비대상,,
치과용임플란트고정체,(주)코웰메디,제허 12-346 호,20120320,제조,정상,1,비대상,,
치과용임플란트고정체,(주)티스트롱,제허 12-320 호,20120314,제조,정상,1,비대상,,
치과용임플란트고정체,에스아이씨인벤트아시아퍼시픽(주),수허 12-395 호,20120314,수입,정상,1,비대상,CPM Precision GmbH,
치과용임플란트고정체,(주)티스트롱,제허 12-319 호,20120314,제조,정상,1,비대상,(주)티스트롱,
치과용임플란트고정체,투디메디컬(주),제허 12-298 호,20120308,제조,정상,1,비대상,,
치과용임플란트고정체,(주)케이제이메디텍,제허 12-240 호,20120224,제조,정상,1,비대상,,
치과용임플란트고정체,(주)엠씨지,제허 12-230 호,20120223,제조,취소·취하,1,비대상,,2020-11-15
치과용임플란트고정체,(주)엠씨지,제허 12-229 호,20120223,제조,취소·취하,1,비대상,,2020-11-15
치과용임플란트고정체,(주)엠씨지,제허 12-228 호,20120223,제조,취소·취하,1,비대상,,2020-11-15
치과용임플란트고정체,(주)티스트롱,제허 12-214 호,20120222,제조,정상,1,비대상,,
치과용임플란트고정체,투디메디컬(주),제허 12-180 호,20120214,제조,정상,1,비대상,,
치과용임플란트고정체,오스템임플란트(주),제허 12-166 호,20120209,제조,정상,1,비대상,,
치과용임플란트고정체,(주)에비던스임플란트,제허 12-19 호,20120104,제조,정상,1,비대상,,
치과용임플란트고정체,(주)에스디엠,제허 11-1426 호,20111223,제조,정상,1,비대상,,
치과용임플란트고정체,(주)메디팁,수허 11-1465 호,20111215,수입,취소·취하,1,비대상,Alpha-Bio Tec. LTD.,2024-06-12
치과용임플란트고정체,(주)신흥엠에스티,제허 11-1325 호,20111205,제조,정상,1,비대상,,
특수재질치과용임플란트고정체,스트라우만덴탈코리아(주),수허 11-1394 호,20111129,수입,정상,1,비대상,Straumann Villeret SA,
특수재질치과용임플란트고정체,스트라우만덴탈코리아(주),수허 11-1388 호,20111129,수입,정상,1,비대상,Straumann Villeret SA,
치과용임플란트고정체,오스템임플란트(주),제허 11-1211 호,20111103,제조,정상,1,비대상,,
치과용임플란트고정체,오스템임플란트(주),제허 11-1199 호,20111031,제조,정상,1,비대상,,
치과용임플란트고정체,오스템임플란트(주),제허 11-1188 호,20111027,제조,정상,1,비대상,,
치과용임플란트고정체,오스템임플란트(주),수허 11-1222 호,20111020,수입,정상,1,비대상,HIOSSEN Inc.,
치과용임플란트고정체,(주)메가젠임플란트,제허 11-1152 호,20111018,제조,정상,1,비대상,,
치과용임플란트고정체,(주)메가젠임플란트,제허 11-1137 호,20111013,제조,정상,1,비대상,,
치과용임플란트고정체,(주)케이제이메디텍,제허 11-1135 호,20111013,제조,정상,1,비대상,,
치과용임플란트고정체,오스템임플란트(주),제허 11-1088 호,20110930,제조,정상,1,비대상,,
치과용임플란트고정체,오스템임플란트(주),제허 11-1089 호,20110930,제조,정상,1,비대상,,
치과용임플란트고정체,삼원디엠피,제허 11-1030 호,20110919,제조,정상,1,비대상,,
치과용임플란트고정체,(주)네오바이오텍,제허 11-1011 호,20110916,제조,정상,1,비대상,,
치과용임플란트고정체,(주)케이제이메디텍,제허 11-957 호,20110901,제조,정상,1,비대상,,
치과용임플란트고정체,임플라노바,제허 11-905 호,20110817,제조,취소·취하,1,비대상,,2022-07-06
치과용임플란트고정체,임플라노바,제허 11-904 호,20110817,제조,취소·취하,1,비대상,,2022-07-06
치과용임플란트고정체,임플라노바,제허 11-891 호,20110810,제조,취소·취하,1,비대상,,2022-07-06
치과용임플란트고정체,(주)유한양행,수허 11-846 호,20110721,수입,정상,1,비대상,Dentsply IH AB,
치과용임플란트고정체,(주)코웰메디,제허 11-740 호,20110708,제조,정상,1,비대상,,
치과용임플란트고정체,(주)메가젠임플란트,제허 11-665 호,20110615,제조,정상,1,비대상,,
치과용임플란트고정체,에스아이씨인벤트아시아퍼시픽(주),수허 11-646 호,20110613,수입,정상,1,비대상,CPM Precision GmbH,
치과용임플란트고정체,(주)스누콘,제허 11-603 호,20110601,제조,정상,1,비대상,(주)스누콘,
치과용 임플란트 고정체,(주)케이제이메디텍,제허 11-518 호,20110512,제조,정상,1,비대상,(주)케이제이메디텍,
치과용임플란트고정체,(주)휴먼크로스,제허 11-432 호,20110418,제조,취소·취하,1,비대상,,2020-03-05
치과용임플란트고정체,(주)네오바이오텍,제허 11-357 호,20110405,제조,정상,1,비대상,,
치과용 임플란트 고정체,오스템임플란트(주),제허 11-346 호,20110401,제조,정상,1,비대상,,
치과용임플란트고정체,(주)케이제이메디텍,제허 11-327 호,20110329,제조,정상,1,비대상,,
치과용임플란트고정체,(주)신흥엠에스티,제허 11-302 호,20110322,제조,정상,1,비대상,,
치과용임플란트고정체,(주)신흥엠에스티,제허 11-295 호,20110318,제조,정상,1,비대상,,
치과용임플란트고정체,(주)티스트롱,제허 11-228 호,20110308,제조,취소·취하,1,비대상,,2026-07-29
치과용임플란트고정체,(주)덴티움광교공장,제허 11-213 호,20110304,제조,정상,1,비대상,(주)덴티움광교공장,
치과용임플란트고정체,(주)티스트롱,제허 11-169 호,20110222,제조,정상,1,비대상,,
치과용임플란트고정체,(주)브레인베이스코퍼레이션코리아,수허 11-179 호,20110209,수입,취소·취하,1,비대상,BrainBase Corporation,2018-09-13
치과용임플란트고정체,(주)케이제이메디텍,제허 11-101 호,20110126,제조,정상,1,비대상,,
치과용임플란트고정체,(주)케이제이메디텍,제허 11-47 호,20110114,제조,정상,1,비대상,,
치과용임플란트고정체,(주)케이제이메디텍,제허 11-46 호,20110114,제조,정상,1,비대상,(주)케이제이메디텍,
치과용임플란트고정체,(주)덴티움광교공장,제허 11-33 호,20110111,제조,정상,1,비대상,,
치과용임플란트고정체,(유)짐머바이오메트코리아,수허 10-1404 호,20101230,수입,취소·취하,1,비대상,BIOMET 3i,2021-11-15
치과용임플란트고정체,(유)짐머바이오메트코리아,수허 10-1405 호,20101230,수입,취소·취하,1,비대상,BIOMET 3i,2021-11-15
치과용임플란트고정체,(주)신흥엠에스티,제허 10-1346 호,20101229,제조,정상,1,비대상,,
치과용임플란트고정체,(주)덴티움광교공장,제허 10-1334 호,20101228,제조,정상,1,비대상,,
치과용임플란트고정체,(주)티스트롱,제허 10-1307 호,20101221,제조,취소·취하,1,비대상,,2022-07-06
치과용 임플란트 고정체,(주)덴티스,제허 10-1296 호,20101217,제조,정상,1,비대상,,
치과용임플란트고정체,(주)메가젠임플란트,제허 10-1286 호,20101210,제조,취소·취하,1,비대상,,2022-05-25
치과용임플란트고정체,(주)에스디엠,제허 10-1256 호,20101202,제조,정상,1,비대상,,
치과용임플란트고정체,(주)메가젠임플란트,제허 10-1246 호,20101126,제조,취소·취하,1,비대상,,2022-05-25
치과용임플란트고정체,(주)신흥엠에스티,제허 10-1237 호,20101124,제조,정상,1,비대상,,
치과용임플란트고정체,(주)신흥엠에스티,제허 10-1238 호,20101124,제조,정상,1,비대상,,
치과용임플란트고정체,공영무역(주),수허 10-1251 호,20101119,수입,취소·취하,1,비대상,SUDIMPLANT,2014-02-17
치과용임플란트고정체,공영무역(주),수허 10-1252 호,20101119,수입,취소·취하,1,비대상,SUDIMPLANT,2014-02-17
치과용임플란트고정체,(주)예스바이오테크,제허 10-1210 호,20101116,제조,취소·취하,1,비대상,,2022-11-17
치과용임플란트고정체,(주)케이제이메디텍,제허 10-1096 호,20101027,제조,정상,1,비대상,,
치과용임플란트고정체,(주)워랜텍,제허 10-1090 호,20101026,제조,취소·취하,1,비대상,,2020-01-21
치과용임플란트고정체,(주)네오바이오텍,제허 10-1089 호,20101026,제조,정상,1,비대상,,
치과용임플란트고정체,(주)바이오템,제허 10-1080 호,20101022,제조,취소·취하,1,비대상,,2012-01-20
치과용임플란트고정체,(주)바이오템,제허 10-1081 호,20101022,제조,취소·취하,1,비대상,,2012-01-20
치과용임플란트고정체,(주)딥임플란트시스템,제허 10-1079 호,20101022,제조,정상,1,비대상,,
치과용임플란트고정체,(주)딥임플란트시스템,제허 10-1078 호,20101022,제조,정상,1,비대상,,
치과용임플란트고정체,(주)유니임플란트,제허 10-1048 호,20101015,제조,취소·취하,1,비대상,(주)투디임플란트,2011-03-10
치과용임플란트고정체,(주)케이제이메디텍,제허 10-1029 호,20101008,제조,정상,1,비대상,,
치과용임플란트고정체,(주)케이제이메디텍,제허 10-1030 호,20101008,제조,정상,1,비대상,,
치과용임플란트고정체,(주)케이제이메디텍,제허 10-1031 호,20101008,제조,정상,1,비대상,케이제이메디텍,
치과용임플란트고정체,(주)케이제이메디텍,제허 10-1032 호,20101008,제조,정상,1,비대상,,
치과용임플란트고정체,(주)에프엔코리아,수허 10-969 호,20100928,수입,취소·취하,1,비대상,,2010-12-01
치과용임플란트고정체,(주)이노바이오써지,제허 10-901 호,20100907,제조,정상,1,비대상,,
치과용 임플란트 고정체,(주)티스트롱,제허 10-860 호,20100826,제조,정상,1,비대상,,
치과용임플란트고정체,(주)티스트롱,제허 10-651 호,20100706,제조,취소·취하,1,비대상,,2022-07-06
치과용임플란트고정체,(주)에비던스임플란트,제허 10-650 호,20100706,제조,취소·취하,1,비대상,,2024-05-21
치과용임플란트고정체,(주)덴티움광교공장,수허 10-693 호,20100706,수입,취소·취하,1,비대상,,2019-06-17
치과용 임플란트 고정체,(주)아이디스,제허 10-629 호,20100630,제조,정상,1,비대상,,
치과용임플란트고정체,(주)서전엠디에스,수허 10-598 호,20100611,수입,취소·취하,1,비대상,"Keystone Dental, Inc",2022-07-29
치과용임플란트고정체,(주)티스트롱,제허 10-566 호,20100608,제조,취소·취하,1,비대상,,2026-05-29
치과용임플란트고정체,(주)케이제이메디텍,제허 10-498 호,20100518,제조,정상,1,비대상,(주)케이제이메디텍,
치과용임플란트고정체,(주)덴티움광교공장,제허 10-456 호,20100507,제조,정상,1,비대상,,
치과용임플란트고정체,(주)휴먼크로스,제허 10-430 호,20100430,제조,취소·취하,1,비대상,,2020-03-05
치과용임플란트고정체,(주)휴먼크로스,제허 10-431 호,20100430,제조,취소·취하,1,비대상,,2020-03-05
치과용임플란트고정체,(주)메가젠임플란트,제허 10-432 호,20100430,제조,취소·취하,1,비대상,,2022-05-25
치과용임플란트고정체,(주)케이제이메디텍,제허 10-395 호,20100422,제조,정상,1,비대상,,
치과용임플란트고정체,시에스엠임플란트,제허 10-306 호,20100405,제조,정상,1,비대상,시에스엠임플란트,
치과용임플란트고정체,(주)다물바이오,제허 10-280 호,20100330,제조,정상,1,비대상,,
치과용임플란트고정체,(주)아침해의료기,제허 10-274 호,20100329,제조,취소·취하,1,비대상,,2012-04-20
치과용임플란트고정체,(주)휴먼크로스,제허 10-232 호,20100323,제조,취소·취하,1,비대상,,2020-03-05
치과용임플란트고정체,(주)휴먼크로스,제허 10-233 호,20100323,제조,취소·취하,1,비대상,,2020-03-05
치과용임플란트고정체,(주)한진덴탈,수허 10-269 호,20100323,수입,취소·취하,1,비대상,,2013-08-27
치과용임플란트고정체,(주)한진덴탈,수허 10-270 호,20100323,수입,취소·취하,1,비대상,,2013-08-27
치과용임플란트고정체,오스템임플란트(주),제허 10-199 호,20100316,제조,정상,1,비대상,,
치과용임플란트고정체,오스템임플란트(주),제허 10-200 호,20100316,제조,정상,1,비대상,,
치과용임플란트고정체,오스템임플란트(주),제허 10-201 호,20100316,제조,취소·취하,1,비대상,,2026-03-03
치과용 임플란트 고정체,(주)덴티움광교공장,제허 10-177 호,20100305,제조,정상,1,비대상,,
치과용임플란트고정체,(주)디오,제허 10-149 호,20100219,제조,정상,1,비대상,,
치과용임플란트고정체,(주)유니임플란트,제허 10-141 호,20100217,제조,취소·취하,1,비대상,,2011-03-10
치과용임플란트고정체,(주)유니임플란트,제허 10-139 호,20100217,제조,취소·취하,1,비대상,,2011-03-10
치과용임플란트고정체,(주)유니임플란트,제허 10-138 호,20100217,제조,취소·취하,1,비대상,,2011-03-10
치과용임플란트고정체,(주)유니임플란트,제허 10-140 호,20100217,제조,취소·취하,1,비대상,,2011-03-10
치과용임플란트고정체,세오덴,수허 10-85 호,20100201,수입,취소·취하,1,비대상,,2015-03-30
치과용임플란트고정체,(주)티스트롱,제허 10-53 호,20100122,제조,정상,1,비대상,(주)티스트롱,
치과용임플란트고정체,(주)디오,제허 10-40 호,20100115,제조,정상,1,비대상,,
치과용임플란트고정체,(주)디오,제허 10-41 호,20100115,제조,정상,1,비대상,,
치과용임플란트고정체,(주)디오,제허 10-42 호,20100115,제조,정상,1,비대상,,
치과용임플란트고정체,신원덴탈(주),수허 09-1330 호,20091221,수입,취소·취하,1,비대상,KYOCERA Medical Corporation,2014-08-22
치과용임플란트고정체,오스템임플란트(주),제허 09-1053 호,20091217,제조,정상,1,비대상,,
치과용 임플란트 고정체,(주)디오,제허 09-1044 호,20091216,제조,정상,1,비대상,,
치과용임플란트고정체,(주)디오,제허 09-1045 호,20091216,제조,정상,1,비대상,,
치과용임플란트고정체,(주)디오,제허 09-1046 호,20091216,제조,정상,1,비대상,,
치과용 임플란트 고정체,오스템임플란트(주),제허 09-1001 호,20091130,제조,정상,1,비대상,,
치과용임플란트고정체,(주)아침해의료기,제허 09-995 호,20091127,제조,취소·취하,1,비대상,,2022-05-16
치과용임플란트고정체,신원덴탈(주),수허 09-1193 호,20091119,수입,취소·취하,1,비대상,KYOCERA Medical Corporation,2014-08-22
치과용임플란트고정체,(주)티스트롱,제허 09-916 호,20091104,제조,정상,1,비대상,,
치과용임플란트고정체,(주)사이넥스,수허 09-1103 호,20091029,수입,취소·취하,1,비대상,Nobel Biocare AB,2012-04-20
치과용임플란트고정체,(주)사이넥스,수허 09-1105 호,20091029,수입,취소·취하,1,비대상,"Nobel Biocare AB, Produktion",2022-04-22
치과용임플란트고정체,(주)사이넥스,수허 09-1104 호,20091029,수입,취소·취하,1,비대상,Nobel Biocare AB,2012-04-20
치과용임플란트고정체,(주)케이제이메디텍,제허 09-887 호,20091028,제조,정상,1,비대상,,
치과용임플란트고정체,(주)사이넥스,수허 09-1063 호,20091021,수입,취소·취하,1,비대상,"Nobel Biocare AB, Produktion",2022-04-22
치과용임플란트고정체,(주)디오,제허 09-863 호,20091020,제조,정상,1,비대상,,
치과용임플란트고정체,(주)유한양행,수허 09-1045 호,20091016,수입,정상,1,비대상,Dentsply IH AB,
치과용임플란트고정체,프로웨스트,수허 09-1030 호,20091014,수입,취소·취하,1,비대상,EUROTEKNIKA,2019-11-28
치과용 임플란트 고정체,(주)에스디엠,제허 09-793 호,20090925,제조,정상,1,비대상,,
치과용임플란트고정체,(주)메가젠임플란트,제허 09-748 호,20090918,제조,정상,1,비대상,,
치과용임플란트고정체,(주)메가젠임플란트,제허 09-749 호,20090918,제조,정상,1,비대상,,
치과용임플란트고정체,(주)광명데이콤,수허 09-878 호,20090909,수입,취소·취하,1,비대상,Implant Direct Sybron Manufacturing LLC,2015-01-14
치과용 임플란트 고정체,(주)바이오템,제허 09-720 호,20090908,제조,정상,1,비대상,,
치과용임플란트고정체,(주)아침해의료기,제허 09-707 호,20090904,제조,취소·취하,1,비대상,,2022-05-16
치과용임플란트고정체,(주)아침해의료기,제허 09-708 호,20090904,제조,취소·취하,1,비대상,,2022-05-16
치과용임플란트고정체,(주)디오,제허 09-699 호,20090903,제조,정상,1,비대상,,
치과용임플란트고정체,(주)제일메디칼코퍼레이션,수허 09-841 호,20090903,수입,취소·취하,1,비대상,"BioHorizons Implant Systems, Inc.",2017-05-26
치과용 임플란트 고정체,(주)디오,제허 09-686 호,20090831,제조,정상,1,비대상,,
치과용 임플란트 고정체,(주)디오,제허 09-687 호,20090831,제조,정상,1,비대상,,
치과용임플란트고정체,(주)엠아이티,제허 09-677 호,20090828,제조,취소·취하,1,비대상,,2022-10-13
치과용임플란트고정체,(주)리조인,제허 09-678 호,20090828,제조,정상,1,비대상,,
치과용 임플란트 고정체,(주)리조인,제허 09-679 호,20090828,제조,정상,1,비대상,,
치과용임플란트고정체,(주)제일메디칼코퍼레이션,수허 09-814 호,20090827,수입,취소·취하,1,비대상,"BioHorizons Implant Systems, Inc.",2009-12-17
치과용임플란트고정체,(주)이노바이오써지,제허 09-664 호,20090824,제조,정상,1,비대상,,
치과용임플란트고정체,프로웨스트,수허 09-731 호,20090807,수입,취소·취하,1,비대상,EUROTEKNIKA,2019-11-28
치과용임플란트고정체,스트라우만덴탈코리아(주),수허 09-722 호,20090805,수입,취소·취하,1,비대상,Straumann Villeret SA,2019-09-06
치과용임플란트고정체,(주)디오,제허 09-548 호,20090722,제조,정상,1,비대상,,
치과용임플란트고정체,(주)덴티스,제허 09-541 호,20090721,제조,정상,1,비대상,,
치과용임플란트고정체,(주)덴티스,제허 09-542 호,20090721,제조,정상,1,비대상,,
치과용임플란트고정체,(주)에비던스임플란트,제허 09-507 호,20090708,제조,취소·취하,1,비대상,,2024-05-21
치과용임플란트고정체,(주)뉴월드덴탈,수허 09-623 호,20090703,수입,취소·취하,1,비대상,Alpha Bio Tec Ltd.,2019-01-07
치과용임플란트고정체,(주)사이넥스,수허 09-599 호,20090629,수입,취소·취하,1,비대상,"Nobel Biocare USA, LLC",2022-04-22
치과용임플란트고정체,(주)사이넥스,수허 09-598 호,20090629,수입,취소·취하,1,비대상,"Nobel Biocare USA, LLC",2016-01-19
치과용임플란트고정체,(주)사이넥스,수허 09-597 호,20090629,수입,취소·취하,1,비대상,Nobel Biocare AB,2016-01-19
치과용 임플란트 고정체,(주)스누콘,제허 09-472 호,20090624,제조,정상,1,비대상,,
치과용임플란트고정체,(주)덴티스,제허 09-440 호,20090610,제조,취소·취하,1,비대상,,2026-08-01
치과용 임플란트 고정체,신세기메디텍(주),제허 09-408 호,20090527,제조,정상,1,비대상,,
치과용임플란트고정체,(주)사이넥스,수허 09-497 호,20090525,수입,취소·취하,1,비대상,"Nobel Biocare AB, Produktion",2022-04-22
치과용 임플란트 고정체,(주)케이제이메디텍,제허 09-395 호,20090521,제조,정상,1,비대상,(주)케이제이메디텍,
치과용 임플란트 고정체,(주)바이오템,제허 09-321 호,20090429,제조,정상,1,비대상,,
치과용임플란트고정체,(주)사이넥스,수허 09-377 호,20090421,수입,취소·취하,1,비대상,"Nobel Biocare AB, Produktion",2022-04-22
치과용임플란트고정체,(주)제일메디칼코퍼레이션,수허 09-364 호,20090420,수입,취소·취하,1,비대상,"BioHorizons Implant Systems, Inc.",2017-05-26
치과용임플란트고정체,(주)제일메디칼코퍼레이션,수허 09-365 호,20090420,수입,취소·취하,1,비대상,"BioHorizons Implant Systems, Inc.",2017-05-26
치과용임플란트고정체,스트라우만덴탈코리아(주),수허 09-366 호,20090420,수입,취소·취하,1,비대상,Straumann Villeret SA,2019-09-06
치과용임플란트고정체,(주)휴먼크로스,제허 09-264 호,20090414,제조,취소·취하,1,비대상,,2020-03-05
치과용 임플란트 고정체,(주)디오,제허 09-247 호,20090410,제조,정상,1,비대상,,
치과용임플란트고정체,(주)티스트롱,제허 09-233 호,20090407,제조,취소·취하,1,비대상,,2022-07-06
치과용임플란트고정체,신세기메디텍(주),제허 09-230 호,20090406,제조,취소·취하,1,비대상,,2026-08-01
치과용임플란트고정체,덴자임,수허 09-325 호,20090402,수입,취소·취하,1,비대상,curasan AG,2019-07-22
치과용임플란트고정체,(주)메가젠임플란트,제허 09-209 호,20090331,제조,취소·취하,1,비대상,,2022-05-25
치과용임플란트고정체,(주)코텍,제허 09-210 호,20090331,제조,취소·취하,1,비대상,,2013-04-16
치과용 임플란트 고정체,스트라우만덴탈코리아(주),수허 09-274 호,20090323,수입,정상,1,비대상,Straumann Villeret SA,
치과용 임플란트 고정체,오스템임플란트(주),제허 09-170 호,20090313,제조,취소·취하,1,비대상,,2025-04-04
치과용임플란트고정체,오스템임플란트(주),제허 09-160 호,20090311,제조,정상,1,비대상,,
치과용임플란트고정체,(주)딥임플란트시스템,제허 09-156 호,20090309,제조,취소·취하,1,비대상,,2025-12-30
치과용임플란트고정체,(주)데닉스,수허 09-151 호,20090219,수입,취소·취하,1,비대상,"Biomet 3i Dental, Iberica, S.L.",2023-06-08
치과용 임플란트 고정체,(주)데닉스,수허 09-150 호,20090219,수입,정상,1,비대상,"Biomet 3i Dental, Iberica, S.L.",
치과용 임플란트 고정체,(주)스누콘,제허 09-97 호,20090210,제조,정상,1,비대상,,
치과용임플란트고정체,(주)덴티움광교공장,제허 09-93 호,20090209,제조,정상,1,비대상,(주)덴티움광교공장,
치과용 임플란트 고정체,오스템임플란트(주),제허 09-74 호,20090202,제조,정상,1,비대상,,
치과용 임플란트 고정체,신세기메디텍(주),제허 09-75 호,20090202,제조,정상,1,비대상,신세기메디텍(주),
치과용 임플란트 고정체,(주)바이오템,제허 09-56 호,20090128,제조,정상,1,비대상,,
치과용임플란트고정체,스트라우만덴탈코리아(주),수허 09-28 호,20090113,수입,취소·취하,1,비대상,Straumann Villeret SA,2019-09-06
치과용 임플란트 고정체,(주)케이제이메디텍,제허 08-912 호,20081218,제조,정상,1,비대상,,
치과용임플란트고정체,(주)한국치과임플란트연구소(KDI),제허 08-872 호,20081202,제조,취소·취하,1,비대상,,2022-07-07
치과용임플란트고정체,(주)메가젠임플란트,제허 08-873 호,20081202,제조,취소·취하,1,비대상,,2022-05-25
치과용 임플란트 고정체,(주)케이제이메디텍,제허 08-871 호,20081202,제조,정상,1,비대상,,
치과용임플란트고정체,(주)맥스픽스임플란트김해공장,제허 08-855 호,20081126,제조,취소·취하,1,비대상,,2019-04-10
치과용 임플란트 고정체,(주)바이오템,제허 08-834 호,20081121,제조,정상,1,비대상,,
치과용 임플란트 고정체,오스템임플란트(주),제허 08-819 호,20081118,제조,취소·취하,1,비대상,,2025-09-09
치과용 임플란트 고정체,(주)네오바이오텍,제허 08-700 호,20081006,제조,정상,1,비대상,,
치과용 임플란트 고정체,(주)아이디스,제허 08-678 호,20081001,제조,정상,1,비대상,,
치과용 임플란트 고정체,(주)케이제이메디텍,제허 08-679 호,20081001,제조,정상,1,비대상,,
치과용임플란트고정체,(주)덴티움광교공장,제허 08-637 호,20080910,제조,정상,1,비대상,(주)덴티움광교공장,
치과용임플란트고정체,(주)뉴월드덴탈,수허 08-863 호,20080909,수입,취소·취하,1,비대상,Alpha Bio Tec Ltd.,2019-01-07
치과용임플란트고정체,(주)신흥엠에스티,제허 08-614 호,20080902,제조,취소·취하,1,비대상,(주)신흥엠에스티,2019-08-19
치과용임플란트고정체,(주)신흥엠에스티,제허 08-613 호,20080902,제조,취소·취하,1,비대상,,2019-08-19
치과용임플란트고정체,(주)신흥엠에스티,제허 08-615 호,20080902,제조,취소·취하,1,비대상,,2019-08-19
치과용임플란트고정체,(주)뉴월드덴탈,수허 08-819 호,20080828,수입,취소·취하,1,비대상,Alpha Bio Tec Ltd.,2019-01-07
치과용임플란트고정체,(주)디오,제허 08-592 호,20080828,제조,취소·취하,1,비대상,,2026-07-01
치과용임플란트고정체,프로웨스트,수허 08-713 호,20080728,수입,취소·취하,1,비대상,EUROTEKNIKA,2019-11-28
치과용임플란트고정체,프로웨스트,수허 08-715 호,20080728,수입,취소·취하,1,비대상,EUROTEKNIKA,2019-11-28
치과용임플란트고정체,(주)메디메카,제허 08-475 호,20080718,제조,취소·취하,1,비대상,,2026-07-01
치과용임플란트고정체,(주)메디메카,제허 08-427 호,20080702,제조,취소·취하,1,비대상,,2022-06-10
치과용임플란트고정체,(주)광명데이콤,수허 08-573 호,20080624,수입,취소·취하,1,비대상,Elos Pinol A/S,2012-03-21
치과용 임플란트 고정체,오스템임플란트(주),제허 08-287 호,20080516,제조,취소·취하,1,비대상,,2025-01-13
치과용임플란트고정체,(주)광명데이콤,수허 08-412 호,20080509,수입,취소·취하,1,비대상,Implant Direct Sybron Manufacturing LLC,2015-01-14
치과용임플란트고정체,엠아이티,수허 08-386 호,20080501,수입,취소·취하,1,비대상,Implant Direct Sybron Manufacturing LLC,2017-07-11
치과용임플란트고정체,엠아이티,수허 08-387 호,20080501,수입,취소·취하,1,비대상,Implant Direct Sybron ManufacturingLLC,2017-07-11
치과용임플란트고정체,(주)에비던스임플란트,제허 08-251 호,20080430,제조,취소·취하,1,비대상,,2024-05-21
치과용 임플란트 고정체,(주)스누콘,제허 08-243 호,20080429,제조,정상,1,비대상,,
치과용임플란트고정체,오스템임플란트(주),제허 08-241 호,20080428,제조,취소·취하,1,비대상,,2025-02-07
치과용임플란트고정체,(주)디오,제허 08-212 호,20080418,제조,정상,1,비대상,,
치과용임플란트고정체,(주)신흥엠에스티,제허 08-148 호,20080314,제조,취소·취하,1,비대상,(주)신흥엠에스티,2019-08-19
치과용임플란트고정체,(주)신흥엠에스티,제허 08-147 호,20080314,제조,취소·취하,1,비대상,(주)신흥엠에스티,2019-08-19
치과용 임플란트 고정체,(주)디오,제허 08-142 호,20080313,제조,정상,1,비대상,,
치과용 임플란트 고정체,(주)디오,제허 08-114 호,20080228,제조,정상,1,비대상,,
치과용 임플란트 고정체,(주)디오,제허 08-21 호,20080111,제조,정상,1,비대상,,
치과용 임플란트 고정체,(주)덴티움광교공장,제허 07-583 호,20071019,제조,정상,1,비대상,,
치과용 임플란트 고정체,(주)네오바이오텍,제허 07-585 호,20071019,제조,정상,1,비대상,,
치과용 임플란트 고정체,(주)네오바이오텍,제허 07-526 호,20070920,제조,정상,1,비대상,,
치과용 임플란트 고정체,(주)서치,제허 07-466 호,20070824,제조,정상,1,비대상,,
치과용임플란트고정체,(주)덴티움광교공장,제허 07-366 호,20070703,제조,취소·취하,1,비대상,,2026-05-01
치과용임플란트고정체,(주)네오바이오텍,제허 07-348 호,20070627,제조,취소·취하,1,비대상,,2019-09-05
치과용임플란트고정체,(주)맥스픽스임플란트김해공장,제허 07-253 호,20070507,제조,취소·취하,1,비대상,,2019-04-10
치과용 임플란트 고정체,시에스엠임플란트,제허 07-248 호,20070503,제조,정상,1,비대상,시에스엠임플란트,
치과용임플란트고정체,(주)맥스픽스임플란트김해공장,제허 07-204 호,20070411,제조,취소·취하,1,비대상,,2019-04-10
치과용임플란트고정체,(주)코웰메디,제허 07-184 호,20070406,제조,취소·취하,1,비대상,,2026-04-01
치과용임플란트고정체,(주)워랜텍,제허 07-103 호,20070227,제조,취소·취하,1,비대상,(주)워랜텍,2020-01-21
치과용임플란트고정체,(주)워랜텍,제허 07-104 호,20070227,제조,취소·취하,1,비대상,(주)워랜텍,2020-01-21
치과용임플란트고정체,(주)스누콘,제허 07-41 호,20070119,제조,취소·취하,1,비대상,,2026-04-01
치과용 임플란트 고정체,(주)스누콘,제허 07-38 호,20070118,제조,정상,1,비대상,,
치과용임플란트고정체,(주)서전엠디에스,수허 07-45 호,20070116,수입,취소·취하,1,비대상,"Keystone Dental, Inc.",2022-07-29
치과용임플란트고정체,(주)메가젠임플란트,제허 06-877 호,20061120,제조,취소·취하,1,비대상,,2022-05-25
치과용 임플란트 고정체,(주)디오,제허 06-841 호,20061114,제조,정상,1,비대상,,
치과용임플란트고정체,(유)짐머바이오메트코리아,수허 06-1171 호,20061114,수입,취소·취하,1,비대상,"Biomet 3i, LLC",2021-12-15
치과용임플란트고정체,(주)디오,제허 06-833 호,20061106,제조,취소·취하,1,비대상,,2026-03-01
치과용임플란트고정체,(주)신흥엠에스티,제허 06-758 호,20061017,제조,취소·취하,1,비대상,(주)신흥엠에스티,2019-08-19
치과용임플란트고정체,케이엠바이오(KM BIO),수허 06-903 호,20060822,수입,취소·취하,1,비대상,THOMMEN MEDICAL AG,2022-07-07
치과용 임플란트 고정체,스트라우만덴탈코리아(주),수허 06-716 호,20060704,수입,정상,1,비대상,Straumann Villeret SA,
치과용임플란트고정체,(주)디오,제허 06-482 호,20060703,제조,취소·취하,1,비대상,,2026-03-01
치과용임플란트고정체,(주)유한양행,수허 06-575 호,20060601,수입,취소·취하,1,비대상,Dentsply Implants Manufacturing GmbH,2019-01-28
치과용임플란트고정체,(주)에스아이씨인벤트코리아,수허 06-385 호,20060412,수입,취소·취하,1,비대상,Nanolize GmbH,2012-08-31
치과용임플란트고정체,(주)리조인,제허 06-263 호,20060410,제조,취소·취하,1,비대상,,2026-02-01
치과용임플란트고정체,엠아이에스코리아,수허 06-344 호,20060403,수입,취소·취하,1,비대상,M.I.S Implant Technologies Lt,2022-02-14
치과용 임플란트 고정체,(주)덴티스,제허 06-241 호,20060331,제조,정상,1,비대상,,
치과용임플란트고정체,엠아이에스코리아,수허 06-284 호,20060321,수입,취소·취하,1,비대상,M.I.S Implant Lt,2022-02-14
치과용임플란트고정체,네파시스,제허 06-153 호,20060224,제조,취소·취하,1,비대상,,2018-01-03
치과용임플란트고정체,옵티마파터너즈(주),제허 06-152 호,20060224,제조,취소·취하,1,비대상,,2019-09-10
치과용임플란트고정체,옵티마파터너즈(주),제허 06-151 호,20060224,제조,취소·취하,1,비대상,,2019-09-10
치과용임플란트고정체,(주)에비던스임플란트,제허 06-141 호,20060222,제조,취소·취하,1,비대상,,2024-05-21
치과용 임플란트 고정체,(주)덴티스,제허 06-88 호,20060208,제조,정상,1,비대상,,
치과용 임플란트 고정체,(주)덴티스,제허 06-87 호,20060208,제조,정상,1,비대상,,
치과용임플란트고정체,케이엠바이오(KM BIO),수허 06-34 호,20060112,수입,취소·취하,1,비대상,THOMMEN MEDICAL AG,2025-11-18
치과용임플란트고정체,케이엠바이오(KM BIO),수허 06-35 호,20060112,수입,취소·취하,1,비대상,THOMMEN MEDICAL AG,2025-11-18
치과용임플란트고정체,(주)덴티움광교공장,제허 06-19 호,20060105,제조,취소·취하,1,비대상,,2026-02-01
치과용 임플란트 고정체,(주)덴티움광교공장,제허 05-1014 호,20051229,제조,정상,1,비대상,(주)덴티움광교공장,
치과용임플란트고정체,(주)덴티움광교공장,제허 05-990 호,20051220,제조,취소·취하,1,비대상,,2026-01-01
치과용임플란트고정체,(주)덴티움광교공장,제허 05-989 호,20051220,제조,취소·취하,1,비대상,,2026-01-01
치과용 임플란트 고정체,(주)케이제이메디텍,제허 05-981 호,20051216,제조,정상,1,비대상,(주)케이제이메디텍,
치과용 임플란트 고정체,(주)케이제이메디텍,제허 05-980 호,20051216,제조,정상,1,비대상,(주)케이제이메디텍,
치과용 임플란트 고정체,시에스엠임플란트,제허 05-875 호,20051104,제조,정상,1,비대상,시에스엠임플란트,
치과용 임플란트 고정체,시에스엠임플란트,제허 05-874 호,20051104,제조,정상,1,비대상,시에스엠임플란트,
치과용임플란트고정체,(주)메가젠임플란트,제허 05-853 호,20051101,제조,취소·취하,1,비대상,,2022-05-25
치과용임플란트고정체,(주)알비에스,제허 05-850 호,20051031,제조,취소·취하,1,비대상,,2022-11-29
치과용임플란트고정체,(주)티스트롱,제허 05-835 호,20051027,제조,취소·취하,1,비대상,,2022-07-06
치과용임플란트고정체,(주)티스트롱,제허 05-834 호,20051027,제조,취소·취하,1,비대상,,2022-07-06
치과용임플란트고정체,(주)티스트롱,제허 05-833 호,20051027,제조,취소·취하,1,비대상,,2025-09-15
치과용 임플란트 고정체,(주)유한양행,수허 05-965 호,20051012,수입,정상,1,비대상,Dentsply IH AB,
치과용임플란트고정체,한국쓰리엠(주),수허 05-846 호,20050909,수입,취소·취하,1,비대상,3M IMTEC,2013-04-03
치과용임플란트고정체,(주)디오,제허 05-537 호,20050624,제조,취소·취하,1,비대상,,2025-12-01
치과용임플란트고정체,시에스엠임플란트,제허 05-489 호,20050609,제조,정상,1,비대상,,
치과용 임플란트 고정체,(주)코웰메디,제허 05-188 호,20050321,제조,정상,1,비대상,,
치과용임플란트고정체,오스템임플란트(주),제허 05-132 호,20050224,제조,취소·취하,1,비대상,,2024-08-29
치과용임플란트고정체,(주)알비에스,제허 05-73 호,20050131,제조,취소·취하,1,비대상,,2022-11-29
치과용임플란트고정체,(주)알비에스,제허 05-72 호,20050131,제조,취소·취하,1,비대상,,2022-11-29
치과용임플란트고정체,아이덴,수허 05-39 호,20050107,수입,취소·취하,1,비대상,OMT GmbH,2013-07-26
치과용임플란트고정체,(주)메가젠임플란트,제허 05-1 호,20050104,제조,취소·취하,1,비대상,,2022-05-25
치과용 임플란트 고정체,(주)메가젠임플란트,제허 04-1262 호,20041221,제조,정상,1,비대상,,
치과용임플란트고정체,(주)서전엠디에스,수허 04-1629 호,20041218,수입,취소·취하,1,비대상,"Keystone Dental, Inc.",2022-07-29
치과용임플란트고정체,(주)유한양행,수허 04-1574 호,20041207,수입,취소·취하,1,비대상,Dentsply Implants Manufacturing GmbH,2019-01-28
치과용임플란트고정체,(주)유한양행,수허 04-1575 호,20041207,수입,취소·취하,1,비대상,Dentsply Implants Manufacturing GmbH,2019-01-28
치과용 임플란트 고정체,(주)유한양행,수허 04-1576 호,20041207,수입,취소·취하,1,비대상,Dentsply IH AB,2026-08-25
치과용임플란트고정체,알파정밀,제허 04-1187 호,20041203,제조,취소·취하,1,비대상,,2023-06-12
치과용임플란트고정체,(주)서전엠디에스,수허 04-1554 호,20041201,수입,취소·취하,1,비대상,"Keystone Dental, Inc.",2022-07-29
치과용임플란트고정체,오스템임플란트(주),제허 04-1179 호,20041125,제조,취소·취하,1,비대상,,2024-08-29
치과용임플란트고정체,오스템임플란트(주),제허 04-1090 호,20041022,제조,취소·취하,1,비대상,,2024-08-29
치과용임플란트고정체,(유)짐머바이오메트코리아,수허 04-1282 호,20040914,수입,취소·취하,1,비대상,Biomet 3i,2021-12-15
치과용임플란트고정체,(유)짐머바이오메트코리아,수허 04-1281 호,20040914,수입,취소·취하,1,비대상,"Biomet 3i Dental Iberica, S.L.",2022-04-20
치과용임플란트고정체,(주)서전엠디에스,수허 04-1192 호,20040827,수입,취소·취하,1,비대상,"Keystone Dental, Inc.",2022-07-29
치과용임플란트고정체,(주)디오,제허 04-807 호,20040728,제조,취소·취하,1,비대상,,2025-11-01
치과용임플란트고정체,(주)거인씨앤아이,수허 04-946 호,20040719,수입,취소·취하,1,비대상,Zimmer Dental Inc,2025-11-01
치과용임플란트고정체,오스템임플란트(주),제허 04-758 호,20040713,제조,취소·취하,1,비대상,,2024-08-29
치과용임플란트고정체,(주)메디메카,제허 04-554 호,20040601,제조,취소·취하,1,비대상,,2022-06-10
치과용임플란트고정체,아이덴,수허 04-519 호,20040422,수입,취소·취하,1,비대상,OMT GmbH,2013-07-26
치과용 임플란트 고정체,(주)워랜텍,제허 04-199 호,20040227,제조,정상,1,비대상,,
치과용 임플란트 고정체,(주)워랜텍,제허 04-200 호,20040227,제조,정상,1,비대상,,
치과용임플란트고정체,(주)코웰메디,제허 04-155 호,20040213,제조,취소·취하,1,비대상,,2025-01-20
치과용임플란트고정체,(주)코웰메디,제허 04-154 호,20040213,제조,취소·취하,1,비대상,,2025-01-20
치과용임플란트고정체,(주)코웰메디,제허 04-120 호,20040207,제조,취소·취하,1,비대상,,2025-01-20
치과용임플란트고정체,(주)알비에스,제허 03-1183 호,20031226,제조,취소·취하,1,비대상,,2022-11-29
치과용임플란트고정체,(주)디오,제허 03-961 호,20031028,제조,취소·취하,1,비대상,,2025-09-01
치과용임플란트고정체,(주)신흥,수허 03-1121 호,20030927,수입,취소·취하,1,비대상,Nobel Biocare AB,2012-06-20
치과용임플란트고정체,(주)디오,제허 03-816 호,20030909,제조,취소·취하,1,비대상,,2025-09-01
치과용임플란트고정체,(주)디오,제허 03-815 호,20030909,제조,취소·취하,1,비대상,,2025-09-01
특수재질치과용임플란트고정체,메덴스(주),수허 03-1048 호,20030908,수입,취소·취하,1,비대상,ORALTRONICS Dental Implant Technology GmbH,2014-01-27
치과용임플란트고정체,(주)알비에스,제허 03-687 호,20030808,제조,취소·취하,1,비대상,,2022-11-29
치과용임플란트고정체,(유)짐머바이오메트코리아,수허 03-787 호,20030703,수입,취소·취하,1,비대상,"Biomet 3i Dental Iberica, S.L.",2022-04-20
치과용임플란트고정체,(주)메가젠임플란트,제허 03-457 호,20030530,제조,취소·취하,1,비대상,,2024-12-09
치과용임플란트고정체,(주)메가젠임플란트,제허 03-459 호,20030530,제조,취소·취하,1,비대상,,2024-12-09
치과용 임플란트 고정체,(주)케이제이메디텍,제허 02-991 호,20021220,제조,정상,1,비대상,,
치과용임플란트고정체,(주)덴탈베이,수허 02-1251 호,20021119,수입,취소·취하,1,비대상,"Bicon,LLC",2019-02-08
치과용임플란트고정체,(주)덴탈베이,수허 02-1252 호,20021119,수입,취소·취하,1,비대상,"Bicon, LLC",2013-07-22
치과용임플란트고정체,(유)짐머바이오메트코리아,수허 02-877 호,20020809,수입,취소·취하,1,비대상,Biomet 3i,2021-11-15
치과용임플란트고정체,한국쓰리엠(주),수허 02-364 호,20020401,수입,취소·취하,1,비대상,3M IMTEC,2013-04-03
치과용임플란트고정체,(주)제일메디칼코퍼레이션,수허 02-365 호,20020401,수입,취소·취하,1,비대상,"BioHorizons Implant Systems, Inc.",2017-05-26
치과용 임플란트 고정체,(주)데닉스,수허 02-153 호,20020205,수입,정상,1,비대상,"Biomet 3i Dental, Iberica, S.L.",
치과용임플란트고정체,엑티옹코리아(주),수허 01-1507 호,20011210,수입,취소·취하,1,비대상,Altatec Medizintechnische Elemente GmbH & Co.KG,2019-09-10
치과용임플란트고정체,(주)서전엠디에스,수허 01-1074 호,20010914,수입,취소·취하,1,비대상,"Keystone Dental, Inc.",2022-07-29
치과용임플란트고정체,(주)서전엠디에스,수허 01-634 호,20010601,수입,취소·취하,1,비대상,"Keystone Dental, Inc.",2022-07-29
치과용임플란트고정체,(주)서전엠디에스,수허 01-633 호,20010601,수입,취소·취하,1,비대상,"Keystone Dental, Inc.",2022-07-29
치과용 임플란트 고정체,시에스엠임플란트,제허 01-189 호,20010418,제조,정상,1,비대상,시에스엠임플란트,
치과용임플란트고정체,(주)네오바이오텍,제허 01-182 호,20010412,제조,취소·취하,1,비대상,,2019-09-05
치과용 임플란트 고정체,오스템임플란트(주),제허 01-77 호,20010226,제조,정상,1,비대상,,
치과용임플란트고정체,한미실업,수허 00-242 호,20000224,수입,취소·취하,1,비대상,Attachment International,2012-03-27
치과용임플란트고정체,파이크상사,수허 00-236 호,20000224,수입,취소·취하,1,비대상,DR. IHDE DENTAL AG.,2014-01-10
치과용임플란트고정체,한미실업,수허 00-145 호,20000131,수입,취소·취하,1,비대상,Attachment International,2012-03-27
치과용임플란트고정체,한미실업,수허 99-3319 호,19991221,수입,취소·취하,1,비대상,Attachment International Inc.,2012-03-27
치과용임플란트고정체,(주)바이오메트코리아,수허 99-3061 호,19991015,수입,취소·취하,1,비대상,Biomet 3i,2012-09-06
치과용임플란트고정체,(주)데닉스,수허 99-2890 호,19990922,수입,취소·취하,1,비대상,"Biomet 3i Dental, Iberica S.L.",2025-03-01
치과용임플란트고정체,(주)바이오메트코리아,수허 98-751 호,19980821,수입,취소·취하,1,비대상,Biomet 3i,2012-09-06
치과용 임플란트 고정체,스트라우만덴탈코리아(주),수허 98-12 호,19980325,수입,정상,1,비대상,Straumann Villeret SA,
